City,County,State,CountryIssaquah,NULL,Washington,United StatesIstanbul,NULL,NULL,TurkeyIthaca,NULL,New York,United StatesItri,NULL,NULL,ItalyItzkany,NULL,NULL,Austria-HungaryIwate,NULL,NULL,JapanJackson,NULL,Michigan,United StatesJackson,NULL,Mississippi,United StatesJackson,NULL,Ohio,United StatesJackson,NULL,Tennessee,United StatesJackson,NULL,Wyoming,United StatesJackson Hole,NULL,Wyoming,United StatesJacksonville,NULL,Alabama,United StatesJacksonville,NULL,Florida,United StatesJacksonville,NULL,Illinois,United StatesJaffrey,NULL,New Hampshire,United StatesJal,NULL,NULL,MexicoJalisco,NULL,NULL,MexicoJamestown,NULL,New York,United StatesJamestown,NULL,North Dakota,United StatesJamestown,NULL,Tennessee,United StatesJamesville,NULL,New York,United StatesJanesville,NULL,Iowa,United StatesJay,NULL,Maine,United StatesJeannette,NULL,Pennsylvania,United StatesJefferson,NULL,Oregon,United StatesJefferson City,NULL,Tennessee,NULLJefferson Island,NULL,Louisiana,United StatesJefferson Village,NULL,New Jersey,United StatesJeffersonville,NULL,Pennsylvania,United StatesJemez Pueblo,NULL,New Mexico,United StatesJericho,NULL,Texas,United StatesJerome,NULL,Arizona,United StatesJerry City,NULL,Ohio,United StatesJersey City,NULL,New Jersey,United StatesJerusalem,NULL,NULL,IsraelJerusalem,NULL,NULL,PalestineJohannesburg,NULL,NULL,South AfricaJohnson,NULL,Vermont,United StatesJohnstown,NULL,New York,United StatesJohnstown,NULL,Pennsylvania,United StatesJoliet,NULL,Illinois,United StatesJoplin,NULL,Missouri,United StatesJoppa,NULL,Maryland,United StatesJuarez,NULL,NULL,MexicoJunction City,NULL,Kansas,United StatesJuneau,NULL,Alaska,United StatesJuno Beach,NULL,Florida,United StatesKabilia,NULL,NULL,RussiaKagoshima,NULL,NULL,JapanKahla,NULL,NULL,GermanyKailua,NULL,Hawaii,United StatesKalaheo,NULL,Hawaii,United StatesKalamazoo,NULL,Michigan,United StatesKalopa,NULL,Hawaii,United StatesKalvaria,NULL,NULL,RussiaKamenets-Podolski,NULL,NULL,RussiaKampen,NULL,NULL,NetherlandsKanazawa,NULL,NULL,JapanKaneville,NULL,Illinois,United StatesKankakee,NULL,Illinois,United StatesKansas City,NULL,Kansas,United StatesKansas City,NULL,Missouri,United StatesKaohsiung,NULL,NULL,TaiwanKapaa,NULL,Hawaii,United StatesKarlby Sogn,NULL,NULL,DenmarkKarlovy Vary,NULL,NULL,CzechoslovakiaKarlsruhe,NULL,NULL,GermanyKassa,NULL,NULL,HungaryKassel,NULL,NULL,GermanyKastoria,NULL,NULL,GreeceKatonah,NULL,New York,United StatesKatranitsa,NULL,NULL,GreeceKauai,NULL,Hawaii,United StatesKaunas,NULL,NULL,RussiaKawehnoke,St. Regis Reservation,Ontario,CanadaKaylor,NULL,Pennsylvania,United StatesKazan,NULL,NULL,RussiaKazimierz,NULL,NULL,PolandKea'au,NULL,Hawaii,United StatesKearney,NULL,Nebraska,United StatesKeene,NULL,New Hampshire,United StatesKeene Valley,NULL,New York,United StatesKeesville,NULL,New York,United StatesKehl,NULL,NULL,GermanyKemerovo,NULL,NULL,U.S.S.R.Kenai,NULL,Alaska,United StatesKendal,NULL,NULL,EnglandKendallville,NULL,Indiana,United StatesKennebunk,NULL,Maine,United StatesKenosha,NULL,Wisconsin,United StatesKenoza Lake,NULL,New York,United StatesKensington,NULL,NULL,EnglandKensington,NULL,Maryland,United StatesKent,NULL,NULL,EnglandKent,NULL,Connecticut,United StatesKent,NULL,Ohio,United StatesKentfield,NULL,California,United StatesKenton,NULL,Ohio,United StatesKerteminde,NULL,NULL,DenmarkKewanee,NULL,Illinois,United StatesKewanna,Fulton,Indiana,United StatesKeyser,NULL,West Virginia,United StatesKharkov,NULL,NULL,RussiaKhorkom Vari Haiyotz Dzore,NULL,NULL,ArmeniaKielce,NULL,NULL,PolandKiev,NULL,NULL,RussiaKihei,NULL,Hawaii,United StatesKii-Nagashima-cho,NULL,NULL,JapanKilbirnie,NULL,NULL,ScotlandKilkenny,NULL,NULL,IrelandKillingworth,NULL,Connecticut,United StatesKilmarnock,NULL,NULL,ScotlandKilmarnock,NULL,Virginia,United StatesKilwinning,NULL,NULL,ScotlandKingsburg,NULL,California,United StatesKingsport,NULL,Tennessee,United StatesKingston,NULL,NULL,JamaicaKingston,NULL,New York,United StatesKingston-upon-Thames,NULL,NULL,EnglandKingstown,NULL,Rhode Island,United StatesKingsville,NULL,Texas,United StatesKinston,NULL,North Carolina,United StatesKirkkonummi,NULL,NULL,FinlandKirkland,NULL,Washington,United StatesKirksville,NULL,Missouri,United StatesKirkwood,NULL,Missouri,United StatesKishinev,NULL,NULL,RomaniaKittanning,NULL,Pennsylvania,United StatesKittery,NULL,Maine,United StatesKlamath Falls,NULL,Oregon,United StatesKnebworth,NULL,Hertfordshire,EnglandKnightdale,NULL,North Carolina,United StatesKnightsbridge,NULL,NULL,EnglandKnoxville,NULL,Tennessee,United StatesKobe,NULL,NULL,JapanKobryn,NULL,NULL,RussiaKodiak,NULL,Alaska,United StatesKokomo,NULL,Indiana,United StatesKolding,NULL,NULL,DenmarkKoln,NULL,NULL,GermanyKolsebro,NULL,NULL,SwedenKonigsberg,NULL,NULL,PrussiaKoriyama,NULL,NULL,JapanKourim,NULL,NULL,BohemiaKovno,NULL,NULL,LithuaniaKrakow,NULL,NULL,PolandKrasnagorka,NULL,NULL,RussiaKrefeld,NULL,NULL,GermanyKrivoi Rog,NULL,NULL,RussiaKrokeai,NULL,Sparta,GreeceKronach,NULL,Bavaria,GermanyKronberg,NULL,NULL,GermanyKrosno,NULL,NULL,PolandKure,NULL,NULL,JapanKussnacht am Rigi,NULL,NULL,SwitzerlandKutztown,NULL,Pennsylvania,United StatesKyoto,NULL,NULL,JapanL'Isle-Adam,NULL,NULL,FranceLa Bastide-du-Vert,NULL,Lot,FranceLa Bernerie-en-Retz,NULL,NULL,FranceLa Conner,NULL,Washington,NULLLa Conner,NULL,Washington,United StatesLa Coruna,NULL,NULL,SpainLa Crescenta,NULL,California,United StatesLa Crosse,NULL,Wisconsin,United StatesLa Cueva,Mora County,New Mexico,United StatesLa Grande,NULL,Oregon,United StatesLa Grange,NULL,Illinois,United StatesLa Jolla,NULL,California,United StatesLa Paz,NULL,NULL,BoliviaLa Porte,NULL,Indiana,United StatesLa Rochelle,NULL,NULL,FranceLa Roque d'Antheron,NULL,NULL,FranceLa Salle,NULL,Illinois,United StatesLa Tronche,NULL,NULL,FranceLa Valette,NULL,NULL,FranceLa Vega,NULL,Province of Matanzas,CubaLaasphe,NULL,NULL,GermanyLaax,NULL,NULL,SwitzerlandLac du Flambeau,NULL,Wisconsin,United StatesLafayette,NULL,Alabama,United StatesLafayette,NULL,Indiana,United StatesLafitte,NULL,Louisiana,United StatesLagny,NULL,NULL,FranceLaGrange,NULL,Illinois,United StatesLaguna,NULL,New Mexico,United StatesLaguna Beach,NULL,California,United StatesLaguna Hills,NULL,California,United StatesLaguna Niguel,NULL,California,United StatesLaguna Woods,NULL,California,United StatesLaignes,NULL,Cote-d'Or,FranceLake Charles,NULL,Louisiana,United StatesLake City,NULL,Tennessee,United StatesLake Elsinore,NULL,California,United StatesLake Forest,NULL,Illinois,United StatesLake George,NULL,New York,United StatesLake Oswego,NULL,Oregon,United StatesLake Valley,NULL,New Mexico,United StatesLakeland,NULL,Florida,United StatesLakeside,NULL,Michigan,United StatesLakeview,NULL,Ohio,United StatesLakewood,NULL,New Jersey,United StatesLakewood,NULL,Ohio,United StatesLambertville,NULL,New Jersey,United StatesLamesa,NULL,Texas,United StatesLamq,NULL,New Mexico,NULLLanark,NULL,Illinois,United StatesLancashire,NULL,NULL,EnglandLancaster,NULL,New Hampshire,United StatesLancaster,NULL,Pennsylvania,United StatesLancaster,NULL,Virginia,United StatesLandau,NULL,NULL,GermanyLander,NULL,Wyoming,United StatesLanesboro,NULL,Massachusetts,United StatesLanesborough,NULL,Massachusetts,United StatesLanghorne,NULL,Pennsylvania,United StatesLangres,NULL,NULL,FranceLansdowne,NULL,Pennsylvania,United StatesLansford,NULL,Pennsylvania,United StatesLansing,NULL,Michigan,United StatesLaramie,NULL,Wyoming,United StatesLarchmont,NULL,New York,United StatesLaredo,NULL,Texas,United StatesLarissa,NULL,NULL,GreeceLarned,NULL,Kansas,United StatesLas Cruces,NULL,New Mexico,United StatesLas Vegas,NULL,Nevada,United StatesLasai,NULL,NULL,LithuaniaLastingham,NULL,NULL,EnglandLatania,NULL,Louisiana,United StatesLauder,NULL,Manitoba,CanadaLaurel,NULL,Florida,United StatesLaurel,NULL,Maryland,United StatesLaurel Bloomery,NULL,Tennessee,United StatesLausanne,NULL,NULL,SwitzerlandLausford,NULL,Pennsylvania,United StatesLaval,NULL,NULL,CanadaLavandou,NULL,NULL,FranceLawnton,NULL,Pennsylvania,United StatesLawrence,NULL,Kansas,United StatesLawton,NULL,Oklahoma,United StatesLe Locle,NULL,NULL,SwitzerlandLe Mans,NULL,Sarthe,FranceLe Mesnil sur Blangy,NULL,NULL,FranceLe Plessis Robinson,NULL,NULL,FranceLe Sueur,NULL,Minnesota,United StatesLe Vesinet,NULL,NULL,FranceLeavenworth,NULL,Kansas,United StatesLebanon,NULL,Connecticut,United StatesLebanon,NULL,New Hampshire,United StatesLebanon,NULL,Oregon,United StatesLebanon,NULL,Pennsylvania,United StatesLebanon,NULL,Tennessee,United StatesLebanon,NULL,Virginia,United StatesLee City,NULL,Kentucky,United StatesLeechburg,NULL,Pennsylvania,United StatesLeeds,NULL,NULL,EnglandLeeds,NULL,Massachusetts,United StatesLeesburg,NULL,Virginia,United StatesLeeuwarden,NULL,NULL,NetherlandsLeicester,NULL,NULL,EnglandLeiden,NULL,NULL,NetherlandsLeipzig,NULL,NULL,GermanyLeipzig,NULL,Saxony,GermanyLeland,NULL,Mississippi,United StatesLempster,NULL,New Hampshire,United StatesLengmoos,NULL,NULL,GermanyLenox,NULL,Massachusetts,United StatesLeon,Decatur County,Iowa,United StatesLeona,NULL,New Jersey,United StatesLeonard,NULL,Texas,United StatesLeonardo,NULL,New Jersey,United StatesLeonia,NULL,New Jersey,United StatesLerna,NULL,Illinois,United StatesLes Andelys,NULL,NULL,FranceLes Cayes,NULL,NULL,HaitiLessines,NULL,NULL,BelgiumLesterville,NULL,Missouri,United StatesLeupp,NULL,Arizona,United StatesLeverett,NULL,Massachusetts,United StatesLevittown,NULL,Pennsylvania,United StatesLewes,NULL,Delaware,United StatesLewisburg,NULL,Tennessee,United StatesLewiston,NULL,Maine,United StatesLewistown,NULL,Pennsylvania,United StatesLexington,NULL,Kentucky,United StatesLexington,NULL,Massachusetts,United StatesLexington,NULL,Oklahoma,United StatesLexington,NULL,Virginia,United StatesLeyden,NULL,Massachusetts,United StatesLibau,NULL,NULL,LatviaLiberty,NULL,Virginia,United StatesLiege,NULL,NULL,BelgiumLiege,NULL,NULL,FlandersLightcliffe,NULL,NULL,EnglandLille,NULL,NULL,FranceLillian,NULL,Virginia,United StatesLima,NULL,NULL,PeruLima,NULL,New York,United StatesLima,NULL,Ohio,United StatesLimerick,NULL,NULL,IrelandLimonest,NULL,NULL,FranceLincoln,NULL,NULL,EnglandLincoln,NULL,Illinois,United StatesLincoln,NULL,Nebraska,United StatesLincoln,Lancaster County,Nebraska,United StatesLincolnshire,NULL,NULL,EnglandLindsborg,NULL,Kansas,United StatesLindsey,NULL,Oklahoma,United StatesLindstrom,NULL,Minnesota,United StatesLinfield,NULL,Pennsylvania,United StatesLinstead,NULL,NULL,JamaicaLinz,NULL,NULL,AustriaLinz,NULL,NULL,Austria-HungaryLipari,NULL,NULL,ItalyLisbon,NULL,New Hampshire,United StatesLisbon,NULL,New York,United StatesLiska,NULL,NULL,Austria-HungaryListowel,NULL,Ontario,CanadaLitchfield,NULL,Connecticut,United StatesLitchfield,NULL,Minnesota,United StatesLithonia,NULL,Georgia,United StatesLittle Compton,NULL,Rhode Island,United StatesLittle Gap,NULL,Pennsylvania,United StatesLittle Rock,NULL,Arkansas,NULLLittle Rock,NULL,Arkansas,United StatesLittle Rose,NULL,Wisconsin,United StatesLittleton,NULL,New Hampshire,United StatesLivermore,NULL,California,United StatesLiverpool,NULL,NULL,EnglandLivesey Hall,NULL,NULL,EnglandLivingston,NULL,New Jersey,United StatesLivingston,NULL,New York,United StatesLivorno,NULL,NULL,ItalyLivry-Gargan,NULL,NULL,FranceLlanberis,NULL,NULL,WalesLlandudno,NULL,NULL,WalesLocarno,NULL,NULL,SwitzerlandLock Haven,NULL,Pennsylvania,United StatesLocust Point,NULL,New Jersey,United StatesLocust Valley,NULL,New York,United StatesLodi,NULL,California,United StatesLodi,NULL,Illinois,United StatesLodi,NULL,New Jersey,United StatesLodz,NULL,NULL,PolandLofton,NULL,Virginia,United StatesLogan,NULL,Ohio,United StatesLogan,NULL,Oklahoma,United StatesLogan,NULL,Utah,United StatesLogansport,NULL,Indiana,United StatesLoleta,NULL,California,United StatesLoma Linda,NULL,California,United StatesLompoc,NULL,California,United StatesLondon,NULL,NULL,EnglandLondon,NULL,Ontario,CanadaLondon,NULL,Texas,United StatesLondonderry,NULL,New York,United StatesLondonderry,NULL,Vermont,United StatesLong Beach,NULL,California,NULLLong Beach,NULL,California,United StatesLong Beach,NULL,New York,United StatesLong Branch,NULL,California,United StatesLong Branch,NULL,New Jersey,United StatesLong Creek,NULL,North Carolina,United StatesLong Hill,Bucks County,Pennsylvania,NULLLong Island,NULL,New York,United StatesLong Island City,NULL,New York,United StatesLong Lake,NULL,New York,NULLLongbranch,NULL,New Jersey,United StatesLongue Pointe,NULL,NULL,CanadaLopez Island,NULL,Washington,United StatesLorain,NULL,Ohio,United StatesLorton,NULL,Virginia,United StatesLos Alamos,NULL,New Mexico,United StatesLos Angeles,NULL,California,NULLLos Angeles,NULL,California,United StatesLos Angeles,NULL,California,USALos Gatos,NULL,California,United StatesLossnitz,NULL,NULL,GermanyLost Springs,NULL,Kansas,United StatesLoudon,NULL,Massachusetts,United StatesLoudon,NULL,New Hampshire,United StatesLoudonville,NULL,Ohio,United StatesLouisiana,NULL,Missouri,United StatesLouisville,NULL,Kentucky,NULLLouisville,NULL,Kentucky,United StatesLoveladies Harbor,NULL,New Jersey,United StatesLoveland,NULL,Colorado,United StatesLovell,NULL,Maine,United StatesLowell,NULL,Massachusetts,United StatesLower Merion,NULL,Pennsylvania,United StatesLowville,NULL,New York,United StatesLoysville,NULL,Pennsylvania,United StatesLubbock,NULL,Texas,United StatesLubeck,NULL,NULL,GermanyLŸbeck,NULL,NULL,GermanyLublin,NULL,NULL,PolandLucerne,NULL,NULL,SwitzerlandLucknow,NULL,NULL,IndiaLudington,NULL,Michigan,United StatesLudlow,NULL,Vermont,United StatesLudvinovka,NULL,NULL,RussiaLuedenscheid,NULL,NULL,GermanyLula,NULL,Georgia,United StatesLumberville,NULL,Pennsylvania,United StatesLuray,NULL,Virginia,United StatesLusby,NULL,Maryland,United StatesLuxeuil,NULL,NULL,FranceLvov,NULL,NULL,UkraineLyme,NULL,Connecticut,United StatesLynchburg,NULL,Virginia,United StatesLynden,NULL,Washington,United StatesLynn,NULL,Massachusetts,United StatesLynwood,NULL,California,United StatesLyons,NULL,NULL,FranceLyons,NULL,Kansas,United StatesMaastricht,NULL,NULL,NetherlandsMabon,NULL,Nova Scotia,CanadaMacklin,NULL,Saskatchewan,CanadaMacon,NULL,Georgia,United StatesMacungie,NULL,Pennsylvania,United StatesMadison,NULL,Connecticut,United StatesMadison,NULL,Georgia,United StatesMadison,NULL,Indiana,United StatesMadison,NULL,Wisconsin,United StatesMadisonville,NULL,Kentucky,United StatesMadras,NULL,NULL,IndiaMadrid,NULL,NULL,SpainMadrid,NULL,Nebraska,United StatesMagdeburg,NULL,NULL,GermanyMagnolia,NULL,Massachusetts,United StatesMahanoy City,NULL,Pennsylvania,United StatesMaidsville,NULL,West Virginia,United StatesMainz,NULL,NULL,GermanyMaitland,NULL,Florida,United StatesMakanda,NULL,Illinois,United StatesMalaga,NULL,NULL,SpainMalden,NULL,NULL,AustraliaMalden,NULL,Massachusetts,United StatesMalente,NULL,NULL,GermanyMalibu,NULL,California,NULLMalibu,NULL,California,United StatesMallorca,NULL,NULL,SpainMalmo,NULL,NULL,SwedenMalnate,NULL,NULL,ItalyMalone,NULL,New York,United StatesMalta,NULL,Ohio,United StatesMalvern,NULL,Arkansas,United StatesMalvern,NULL,Pennsylvania,United StatesMamaroneck,NULL,New York,United StatesMamou,NULL,Louisiana,United StatesManagua,NULL,NULL,NicaraguaManasquan,NULL,New Jersey,United StatesManassas,NULL,Virginia,United StatesManchaca,NULL,Texas,United StatesManchester,NULL,NULL,EnglandManchester,NULL,Massachusetts,United StatesManchester,NULL,New Hampshire,United StatesManchester,NULL,Vermont,United StatesManchester Center,NULL,Vermont,United StatesManhasset,NULL,New York,United StatesManhattan,NULL,Kansas,United StatesManhattan Beach,NULL,California,United StatesManheim,NULL,Pennsylvania,United StatesManila,NULL,NULL,PhilippinesManistee,NULL,Michigan,United StatesManitowoc,NULL,Wisconsin,United StatesMankato,NULL,Minnesota,United StatesManlius,NULL,New York,United StatesManlius Square,NULL,New York,United StatesMannheim,NULL,NULL,GermanyManorhamilton,NULL,NULL,IrelandManson,NULL,Washington,United StatesMantorville,NULL,Minnesota,United StatesMantua,NULL,NULL,ItalyMantua,NULL,Lombardy,ItalyMaple Park,NULL,Illinois,United StatesMaplewood,NULL,New Jersey,United StatesMarbella,NULL,NULL,SpainMarblehead,NULL,Massachusetts,United StatesMare Island,NULL,California,United StatesMarengo,NULL,Iowa,United StatesMarfa,NULL,Texas,United StatesMargaretville,NULL,New York,United StatesMarianao,NULL,Province of Havana,CubaMaricopa,NULL,Arizona,United StatesMarietta,NULL,Georgia,United StatesMarietta,NULL,Ohio,United StatesMarine City,NULL,Michigan,United StatesMarinette,NULL,Wisconsin,United StatesMarion,NULL,Arkansas,United StatesMarion,NULL,Indiana,United StatesMarion,NULL,Iowa,United StatesMarion,NULL,Massachusetts,United StatesMarion,NULL,Virginia,United StatesMarken Island,NULL,NULL,NetherlandsMarkesan,NULL,Wisconsin,United StatesMarlboro,NULL,New York,United StatesMarlboro,NULL,Vermont,United StatesMarlotte,NULL,NULL,FranceMarquette,NULL,Michigan,United StatesMarrakesh,NULL,NULL,MoroccoMarriotsville,NULL,Maryland,United StatesMarsala,NULL,NULL,ItalyMarseille,NULL,NULL,FranceMarshfield,NULL,Massachusetts,United StatesMartha's Vineyard,NULL,Massachusetts,United StatesMartins Creek,NULL,Pennsylvania,United StatesMartinsburg,NULL,West Virginia,United StatesMarysville,NULL,Washington,United StatesMaryville,NULL,Missouri,United StatesMason,NULL,New Hampshire,United StatesMason City,NULL,Iowa,United StatesMasonville,NULL,Colorado,United StatesMassapequa,NULL,New York,United StatesMassillon,NULL,Ohio,United StatesMatsue,NULL,NULL,JapanMattapoisett,NULL,Massachusetts,United StatesMauch Chunk,NULL,Pennsylvania,United StatesMaui,NULL,Hawaii,United StatesMaxton,NULL,North Carolina,United StatesMayfield,NULL,Kansas,United StatesMayfield,NULL,Kentucky,United StatesMaysville,NULL,Georgia,United StatesMayville,NULL,North Dakota,United StatesMaywood,NULL,New Jersey,United StatesMazarr—n,NULL,NULL,SpainMazatlan,NULL,NULL,MexicoMcAllister,NULL,Oklahoma,United StatesMcClean,NULL,Virginia,United StatesMcClellanville,NULL,South Carolina,United StatesMcColl,NULL,South Carolina,United StatesMcGregor,NULL,Texas,United StatesMcKean,NULL,Pennsylvania,United StatesMcLean,NULL,Virginia,United StatesMcPherson,NULL,Kansas,United StatesMeadville,NULL,Pennsylvania,United StatesMechanicsville,NULL,Pennsylvania,United StatesMechelen,NULL,NULL,BelgiumMedanales,NULL,New Mexico,United StatesMedford,NULL,Massachusetts,United StatesMedford,NULL,Oregon,United StatesMedia,NULL,Pennsylvania,United StatesMedicine Park,NULL,Oklahoma,United StatesMelbourne,NULL,NULL,AustraliaMelbourne,NULL,Florida,United StatesMelrose,NULL,Massachusetts,United StatesMelrose,NULL,Ohio,United StatesMelun,NULL,NULL,FranceMemmingen,NULL,NULL,GermanyMemphis,NULL,Missouri,United StatesMemphis,NULL,Tennessee,United StatesMendham,NULL,New Jersey,United StatesMendocino,NULL,California,United StatesMenominee,NULL,Michigan,United StatesMenomonie,NULL,Wisconsin,United StatesMer,NULL,NULL,FranceMeran,NULL,NULL,Austria-HungaryMerchantville,NULL,New Jersey,United StatesMeredith,NULL,New Hampshire,United StatesMeriden,NULL,Connecticut,United StatesMerion,NULL,Pennsylvania,United StatesMerion Square,NULL,Pennsylvania,United StatesMerkel,NULL,Texas,United StatesMerrill,NULL,Wisconsin,United StatesMerseburg,NULL,NULL,GermanyMerthyr Tydfil,NULL,NULL,WalesMerton,NULL,NULL,EnglandMertzon,NULL,Texas,United StatesMesa,NULL,Arizona,United StatesMesnil-Theribus,NULL,NULL,FranceMessina,NULL,NULL,ItalyMessina,NULL,Sicily,ItalyMetairie,NULL,Louisiana,NULLMeteren,NULL,NULL,FranceMetuchen,NULL,New Jersey,United StatesMetz,NULL,NULL,FranceMetz,NULL,NULL,GermanyMeudon,NULL,NULL,FranceMexia,NULL,Texas,United StatesMexico City,NULL,NULL,MexicoMexico City,NULL,NULL,New SpainMeyersdale,NULL,Pennsylvania,United StatesMezieres,NULL,NULL,FranceMeziers,NULL,NULL,FranceMiami,NULL,Florida,United StatesMiami,NULL,Oklahoma,United StatesMiami Beach,NULL,Florida,United StatesMichigan City,NULL,Indiana,United StatesMiddle Island,NULL,New York,United StatesMiddle Village,NULL,New York,United StatesMiddleboro,NULL,Massachusetts,United StatesMiddleton,NULL,New Jersey,United StatesMiddletown,NULL,Connecticut,NULLMiddletown,NULL,Connecticut,United StatesMiddletown,NULL,New Jersey,United StatesMiddletown,NULL,New York,NULLMiddletown,NULL,New York,United StatesMiddletown,NULL,Ohio,United StatesMiddletown,NULL,Virginia,United StatesMiddletown,Paradise,Rhode Island,United StatesMidvale,NULL,Utah,United StatesMijdrecht,NULL,NULL,NetherlandsMikado,NULL,Michigan,United StatesMilan,NULL,NULL,ItalyMilan,NULL,Illinois,United StatesMilbrae,NULL,California,United StatesMilford,NULL,NULL,EnglandMilford,NULL,Connecticut,United StatesMilford,NULL,Massachusetts,United StatesMilford,NULL,New Jersey,United StatesMill Valley,NULL,California,United StatesMillbrook,NULL,New York,United StatesMilledgeville,NULL,Georgia,United StatesMillersburg,NULL,Ohio,United StatesMillerton,NULL,New York,United StatesMilly,NULL,NULL,FranceMilton,NULL,Connecticut,United StatesMilton,NULL,Massachusetts,United StatesMilton,NULL,Ohio,United StatesMilton,NULL,Pennsylvania,United StatesMilton,NULL,West Virginia,United StatesMilwaukee,NULL,Wisconsin,United StatesMincy,NULL,Missouri,United StatesMinden,NULL,NULL,GermanyMineola,NULL,New York,United StatesMinneapolis,NULL,Kansas,United StatesMinneapolis,NULL,Minnesota,NULLMinneapolis,NULL,Minnesota,United StatesMinsk,NULL,NULL,RussiaMirano,NULL,NULL,ItalyMishawaka,NULL,Indiana,United StatesMissoula,NULL,Montana,United StatesMitchellville,NULL,Maryland,United StatesMoberly,NULL,Missouri,United StatesMobile,NULL,Alabama,United StatesModesto,NULL,California,United StatesMoline,NULL,Illinois,United StatesMonadnock,NULL,New Hampshire,United StatesMonahans,NULL,Texas,United StatesMonarch,NULL,Wyoming,United StatesMonchy-St-Eloi,NULL,NULL,FranceMonero,NULL,New Mexico,United StatesMoneymusk,NULL,NULL,ScotlandMonhegan,NULL,Maine,United StatesMonhegan Island,NULL,Maine,United StatesMonroe,NULL,Michigan,United StatesMonroe,NULL,Washington,United StatesMonroe Falls,NULL,Ohio,United StatesMonson,NULL,Maine,United StatesMont-Saint-Père,NULL,NULL,FranceMontabour,NULL,NULL,GermanyMontauk,NULL,New York,United StatesMontauk Point,NULL,New York,United StatesMontbazon,NULL,NULL,FranceMontbeliard,NULL,NULL,FranceMontclair,NULL,New Jersey,United StatesMonte Carlo,NULL,NULL,MonacoMontecito,NULL,California,United StatesMonterey,NULL,California,United StatesMonterey,NULL,Massachusetts,United StatesMonterrey,NULL,NULL,MexicoMontevideo,NULL,NULL,UruguayMontevideo,NULL,Minnesota,United StatesMontfort-sur-Risle,NULL,Eure,FranceMontgomery,NULL,Alabama,United StatesMontgomery,NULL,Pennsylvania,United StatesMonticello,NULL,Indiana,United StatesMonticello,NULL,Iowa,United StatesMontigny-sur-Loing,NULL,NULL,FranceMontone,NULL,Umbria,ItalyMontpelier,NULL,Vermont,United StatesMontpon-Menesterol,NULL,NULL,FranceMontreal,NULL,NULL,CanadaMontreal,NULL,Quebec,CanadaMontreux,NULL,NULL,SwitzerlandMontrose,NULL,Pennsylvania,United StatesMoorestown,NULL,New Jersey,United StatesMooresville,NULL,North Carolina,United StatesMoose Jaw,NULL,Saskatchewan,CanadaMora,NULL,NULL,SwedenMorange,NULL,NULL,GermanyMorelia,NULL,NULL,MexicoMorenci,NULL,Arizona,United StatesMorgan,NULL,Vermont,United StatesMorgan Hill,NULL,California,United StatesMorgantown,NULL,West Virginia,United StatesMorovis,NULL,NULL,Puerto RicoMorris,NULL,Illinois,United StatesMorrisania,NULL,New York,United StatesMorristown,NULL,New Jersey,United StatesMorristown,NULL,New York,United StatesMorristown,NULL,Vermont,United StatesMorrisville,NULL,North Carolina,United StatesMorven,NULL,North Carolina,United StatesMoscow,NULL,NULL,RussiaMoscow,NULL,NULL,U.S.S.R.Moscow,NULL,Idaho,United StatesMossy Creek,White County,Georgia,United StatesMoudon,NULL,NULL,SwitzerlandMouhet,NULL,NULL,FranceMoultrie,NULL,Georgia,United StatesMound,NULL,Minnesota,United StatesMount Airy,NULL,Pennsylvania,United StatesMount Carmel,NULL,Connecticut,United StatesMount Carmel,NULL,Utah,United StatesMount Clemens,NULL,Michigan,United StatesMount Desert,NULL,Maine,United StatesMount Desert Island,NULL,Maine,United StatesMount Healthy,NULL,Ohio,United StatesMount Holly,NULL,New Jersey,United StatesMount Kisco,NULL,New York,United StatesMount Laurel,NULL,New Jersey,United StatesMount Pleasant,NULL,Iowa,United StatesMount Pleasant,NULL,Ohio,United StatesMount Pleasant,NULL,South Carolina,United StatesMount St. Helena,NULL,California,United StatesMount Vernon,NULL,Illinois,United StatesMount Vernon,NULL,New York,United StatesMount Vernon,NULL,Washington,United StatesMountain View,NULL,Arkansas,United StatesMoylan,NULL,Pennsylvania,United StatesMt. Adams,NULL,Ohio,United StatesMt. Airy,NULL,Maryland,United StatesMt. Desert Island,NULL,Maine,United StatesMt. Kisco,Westchester,New York,NULLMt. Lebanon,NULL,Pennsylvania,United StatesMuch Hadham,NULL,Hertfordshire,EnglandMudtown,NULL,Illinois,United StatesMuhlen-on-Neckar,NULL,NULL,GermanyMukden,NULL,NULL,JapanMulhouse,NULL,NULL,FranceMulhouse,NULL,Alsace,FranceMulligar,NULL,NULL,IrelandMuncie,NULL,Indiana,United StatesMunich,NULL,NULL,GermanyMunising,NULL,Michigan,United StatesMunkacs,NULL,NULL,HungaryMunster,NULL,NULL,GermanyMurano,NULL,NULL,ItalyMurfreesboro,NULL,Tennessee,United StatesMuro Lucano,NULL,NULL,ItalyMuscatine,NULL,Iowa,United StatesMuskegon,NULL,Michigan,United StatesMuskogee,NULL,Oklahoma,United StatesMyrtle Point,NULL,Oregon,United StatesMystic,NULL,Connecticut,United StatesMytilene,NULL,NULL,GreeceNacogdoches,NULL,Texas,United StatesNadlac?,NULL,NULL,HungaryNagano,NULL,NULL,JapanNageezi,NULL,New Mexico,United StatesNageezi,Navajo Nation,New Mexico,United StatesNageezi,Navajo Reservation (Dineteh),New Mexico,United StatesNagoya,NULL,NULL,JapanNagoya,NULL,Aichi Prefecture,JapanNahant,NULL,Massachusetts,United StatesNahariya,NULL,NULL,IsraelNamur,NULL,NULL,BelgiumNancy,NULL,NULL,FranceNantes,NULL,NULL,FranceNantes,NULL,Loire-Atlantique,FranceNantucket,NULL,Massachusetts,United StatesNaperville,NULL,Illinois,United StatesNaples,NULL,NULL,ItalyNaples,NULL,Florida,NULLNaples,NULL,Florida,United StatesNaples,NULL,New York,United StatesNapoleon,NULL,Ohio,United StatesNashua,NULL,New Hampshire,United StatesNashville,NULL,Indiana,United StatesNashville,NULL,Tennessee,NULLNashville,NULL,Tennessee,United StatesNassau,NULL,NULL,BahamasNassau,NULL,NULL,GermanyNassau,NULL,New York,United StatesNatick,NULL,Massachusetts,United StatesNational City,NULL,California,United StatesNatosha,NULL,Wisconsin,United StatesNaugatuck,NULL,Connecticut,United StatesNaumberg,NULL,NULL,GermanyNaushon Island,NULL,Massachusetts,United StatesNebo,NULL,Kentucky,United StatesNederland,NULL,Colorado,United StatesNeedham,NULL,Massachusetts,United StatesNeidenburg,NULL,NULL,GermanyNelson,NULL,New York,United StatesNeodesha,NULL,Kansas,United StatesNeosho,NULL,Missouri,United StatesNeptune,NULL,New Jersey,United StatesNescopeck,NULL,Pennsylvania,United StatesNettuno,NULL,NULL,ItalyNeubrunen,NULL,NULL,SwitzerlandNeuchatel,NULL,NULL,SwitzerlandNeuilly,NULL,NULL,FranceNeuilly-sur-Seine,NULL,NULL,FranceNevada City,NULL,California,United StatesNew Baltimore,NULL,Michigan,United StatesNew Bedford,NULL,Massachusetts,United StatesNew Boston,NULL,New Hampshire,United StatesNew Bremen,NULL,Ohio,United StatesNew Brighton,NULL,New York,United StatesNew Brighton,NULL,Pennsylvania,United StatesNew Britain,NULL,Connecticut,United StatesNew Brunswick,NULL,NULL,CanadaNew Brunswick,NULL,Maine,United StatesNew Brunswick,NULL,New Jersey,United StatesNew Buffalo,NULL,Michigan,United StatesNew Canaan,NULL,Connecticut,United StatesNew Castle,NULL,Indiana,United StatesNew Castle,NULL,New Hampshire,United StatesNew Creek,NULL,West Virginia,United StatesNew Dorp,NULL,New York,United StatesNew Harmony,NULL,Indiana,United StatesNew Hartford,NULL,New York,United StatesNew Haven,NULL,Connecticut,United StatesNew Haven,NULL,Vermont,United StatesNew Hope,NULL,Pennsylvania,United StatesNew Iberia,NULL,Louisiana,United StatesNew Ipswich,NULL,New Hampshire,United StatesNew Kensington,NULL,Pennsylvania,United StatesNew London,NULL,Connecticut,United StatesNew London,NULL,Ohio,United StatesNew London,NULL,Pennsylvania,United StatesNew Milford,NULL,Connecticut,United StatesNew Milford,NULL,Pennsylvania,United StatesNew Orleans,NULL,Louisiana,NULLNew Orleans,NULL,Louisiana,United StatesNew Paltz,NULL,New York,United StatesNew Park,NULL,Pennsylvania,United StatesNew Preston,NULL,Connecticut,United StatesNew Rochelle,NULL,New York,United StatesNew Smyrna Beach,NULL,Florida,United StatesNew Ulm,NULL,Minnesota,United StatesNew York,NULL,NULL,United StatesNew York,NULL,New York,NULLNew York,NULL,New York,United StatesNew York,Bronx,New York,United StatesNew York,Kings,New York,NULLNew York,Kings,New York,United StatesNew York,New York County,New York,United StatesNew York,Photo League,New York,United StatesNew York,Queens,New York,United StatesNew York,Queens County,New York,United StatesNew York,Richmond,New York,NULLNew York,Richmond,New York,United StatesNew York,Richmond County,New York,United StatesNew York City,NULL,NULL,United StatesNew York City,NULL,New York,NULLNew York City,NULL,New York,United StatesNew York City,NULL,New York,USANew York City,Kings,New York,United StatesNewark,NULL,New Jersey,United StatesNewburgh,NULL,New York,United StatesNewbury,NULL,Massachusetts,United StatesNewbury,NULL,Vermont,United StatesNewburyport,NULL,Massachusetts,United StatesNewcastle-on-Tyne,NULL,NULL,EnglandNewport,NULL,Kentucky,United StatesNewport,NULL,Oregon,United StatesNewport,NULL,Rhode Island,United StatesNewport,NULL,Vermont,United StatesNewport Beach,NULL,California,United StatesNewport News,NULL,Virginia,United StatesNewton,NULL,Kansas,United StatesNewton,NULL,Massachusetts,United StatesNewton,NULL,New Jersey,United StatesNewton Center,NULL,Massachusetts,United StatesNewton Falls,NULL,Ohio,United StatesNewtown,NULL,Connecticut,United StatesNewtown,NULL,Pennsylvania,United StatesNiagara Falls,NULL,New York,United StatesNiagara Falls,NULL,Ontario,CanadaNice,NULL,NULL,FranceNiedercorn,NULL,NULL,LuxembourgNiederrossbach,NULL,NULL,GermanyNiigata,NULL,NULL,JapanNikol'sk,NULL,NULL,RussiaNiles,NULL,Michigan,United StatesNitra,NULL,NULL,CzechoslovakiaNoank,NULL,Connecticut,United StatesNogaisk,NULL,NULL,RussiaNogent-sur-Marne,NULL,NULL,FranceNorfolk,NULL,Connecticut,United StatesNorfolk,NULL,Virginia,United StatesNormal,NULL,Illinois,United StatesNorman,NULL,Oklahoma,United StatesNormandy,NULL,NULL,FranceNorristown,NULL,Pennsylvania,United StatesNorristown,Montgomery,Pennsylvania,United StatesNorth Adams,NULL,Massachusetts,United StatesNorth Anson,NULL,Maine,United StatesNorth Attleboro,NULL,Massachusetts,United StatesNorth Berwick,NULL,Maine,United StatesNorth Chatham,NULL,Massachusetts,United StatesNorth Conway,NULL,New Hampshire,United StatesNorth Dartmouth,NULL,Massachusetts,United StatesNorth Easton,NULL,Massachusetts,United StatesNorth Egremont,NULL,Massachusetts,United StatesNorth Hampton,NULL,New Hampshire,United StatesNorth Harvey,NULL,Illinois,United StatesNorth Haven,NULL,Maine,United StatesNorth Haven,NULL,New York,United StatesNorth Hollywood,NULL,California,United StatesNorth Lawrence,NULL,New York,United StatesNorth Liberty,NULL,Iowa,United StatesNorth Manchester,NULL,Indiana,United StatesNorth Montgomery,NULL,Alabama,United StatesNorth Nodaway,NULL,Iowa,United StatesNorth Olmstead,NULL,Ohio,United StatesNorth Platte,NULL,Nebraska,United StatesNorth River Mills,NULL,West Virginia,United StatesNorth Syracuse,NULL,New York,United StatesNorth Tarrytown,NULL,New York,United StatesNorth Tonawanda,NULL,New York,United StatesNorth Truro,NULL,Massachusetts,United StatesNorth Wales,NULL,Pennsylvania,United StatesNorth Wilkesboro,NULL,North Carolina,United StatesNorthampton,NULL,Massachusetts,United StatesNorthfield,NULL,Minnesota,United StatesNorthport,NULL,Alabama,United StatesNorthport,Long Island,New York,United StatesNorthridge,NULL,California,United StatesNorton,NULL,Kansas,United StatesNorton,NULL,Massachusetts,United StatesNorton,NULL,Virginia,United StatesNorwalk,NULL,Connecticut,NULLNorwalk,NULL,Connecticut,United StatesNorwich,NULL,NULL,EnglandNorwich,NULL,Connecticut,NULLNorwich,NULL,Connecticut,United StatesNorwich,NULL,New York,United StatesNorwood,NULL,Massachusetts,United StatesNottingham,NULL,NULL,EnglandNottingham,NULL,Pennsylvania,United StatesNovato,NULL,California,United StatesNowy-Sacz,NULL,NULL,PolandNunda,NULL,New York,United StatesNuremberg,NULL,NULL,GermanyNutley,NULL,New Jersey,United StatesNY,NULL,New York,United StatesNyack,NULL,New York,United StatesNybro,NULL,NULL,SwedenOak Park,NULL,Illinois,United StatesOak Park Heights,NULL,Minnesota,United StatesOak Ridge,NULL,North Carolina,United StatesOakdale,NULL,Pennsylvania,United StatesOakland,NULL,California,NULLOakland,NULL,California,United StatesOakland,NULL,Illinois,United StatesOakland,NULL,Maryland,United StatesOakton,NULL,Virginia,United StatesOakville,NULL,Missouri,United StatesOaxaca,NULL,NULL,MexicoOberlin,NULL,Ohio,United StatesObihiro,NULL,NULL,JapanOcala,NULL,Florida,United StatesOcean City,NULL,New Jersey,United StatesOcean Grove,NULL,New Jersey,United StatesOcean Springs,NULL,Mississippi,United StatesOceanport,NULL,New Jersey,United StatesOceanside,Long Island,New York,United StatesOconomowoc,NULL,Wisconsin,United StatesOconto Falls,NULL,Wisconsin,United StatesOden,NULL,Michigan,United StatesOdessa,NULL,NULL,RussiaOdessa,NULL,New York,United StatesOffenbach,NULL,NULL,GermanyOgallala,NULL,Nebraska,United StatesOgden,NULL,Ohio,United StatesOgden,NULL,Utah,United StatesOgdensburg,NULL,New York,United StatesOggebbio,NULL,NULL,ItalyOgunquit,NULL,Maine,United StatesOil City,NULL,Pennsylvania,United StatesOjai,NULL,California,United StatesOkayama,NULL,NULL,JapanOklahoma City,NULL,Oklahoma,United StatesOlathe,NULL,Kansas,United StatesOlcott,NULL,New York,United StatesOld Greenwich,NULL,Connecticut,United StatesOld Lyme,NULL,Connecticut,United StatesOld Saybrook,NULL,Connecticut,United StatesOld Town,NULL,Maine,United StatesOld Westbury,Long Island,New York,United StatesOlean,NULL,New York,United StatesOlmsted Falls,NULL,Ohio,United StatesOlney,NULL,Maryland,United StatesOlympia,NULL,Washington,United StatesOmaha,NULL,Nebraska,United StatesOnalaska,NULL,Wisconsin,United StatesOneida,NULL,New York,United StatesOneonta,NULL,New York,United StatesOnesse Laharie,NULL,NULL,FranceOnomichi,Hiroshima-Ken,NULL,JapanOnset,NULL,Massachusetts,United StatesOosterhout,NULL,NULL,NetherlandsOpator,NULL,NULL,PolandOpelousas,NULL,Louisiana,United StatesOracle,NULL,Arizona,United StatesOradell,NULL,New Jersey,United StatesOran,NULL,NULL,AlgeriaOrange,NULL,California,United StatesOrange,NULL,Connecticut,United StatesOrange,NULL,New Jersey,United StatesOrangeburg,NULL,New York,United StatesOrangeburg,NULL,South Carolina,United StatesOrani,NULL,NULL,ItalyOrby,NULL,NULL,SwedenOrchard,NULL,Colorado,United StatesOregon,NULL,Illinois,United StatesOrgeval,NULL,NULL,FranceOrina,NULL,Louisiana,United StatesOrlando,NULL,Florida,NULLOrleans,NULL,Massachusetts,United StatesOrlienas,NULL,NULL,FranceOrocovis,NULL,NULL,Puerto RicoOroville,NULL,California,United StatesOsage City,NULL,Kansas,United StatesOsaka,NULL,NULL,JapanOsborne,NULL,NULL,EnglandOsceola,NULL,Nebraska,United StatesOshkosh,NULL,Wisconsin,United StatesOskaloosa,NULL,Iowa,United StatesOslo,NULL,NULL,NorwayOsnabruck,NULL,NULL,GermanyOssett,NULL,NULL,EnglandOssining,NULL,New York,United StatesOswego,NULL,New York,United StatesOtis,NULL,Oregon,United StatesOttawa,NULL,Kansas,United StatesOttawa,NULL,Ontario,CanadaOtterberg,NULL,NULL,GermanyOttumwa,NULL,Iowa,United StatesOuzouer,NULL,NULL,FranceOwatonna,NULL,Minnesota,United StatesOwensboro,NULL,Kentucky,United StatesOwings Mills,NULL,Maryland,United StatesOwosso,NULL,Michigan,United StatesOxford,NULL,NULL,EnglandOxford,NULL,Connecticut,United StatesOxford,NULL,Illinois,United StatesOxford,NULL,Massachusetts,United StatesOxford,NULL,Mississippi,United StatesOxford,NULL,New York,United StatesOxford,NULL,Ohio,United StatesOyster Bay,NULL,New York,United StatesOzark,NULL,Arkansas,United StatesPacific Grove,NULL,California,United StatesPacific Palisades,NULL,California,United StatesPacifica,NULL,California,United StatesPadua Hills,NULL,California,United StatesPaducah,McCracken County,Kentucky,United StatesPadula,NULL,NULL,ItalyPahoa,NULL,Hawaii,United StatesPainesville,NULL,Ohio,United StatesPaisley,NULL,NULL,ScotlandPalermo,NULL,NULL,ItalyPalermo,NULL,NULL,SicilyPalermo,NULL,Sicily,ItalyPalisade,NULL,Colorado,United StatesPalisade,NULL,New Jersey,United StatesPalm Beach,NULL,Florida,United StatesPalm Desert,NULL,California,United StatesPalm Springs,NULL,California,United StatesPalma de Mallorca,NULL,NULL,SpainPalmer,NULL,Alaska,United StatesPalmer,NULL,Massachusetts,United StatesPalmyra,NULL,Tennessee,United StatesPalo Alto,NULL,California,United StatesPalomar,NULL,California,United StatesPalos Verdes,NULL,California,United StatesPalos Verdes Estates,NULL,California,United StatesPalouse,NULL,Washington,United StatesPanama Canal Zone,NULL,NULL,PanamaPanama City,NULL,NULL,PanamaPandora,NULL,Texas,United StatesPantaneto,NULL,NULL,ItalyPaola,NULL,Kansas,United StatesPaoli,NULL,Pennsylvania,United StatesParis,NULL,NULL,FranceParis,NULL,Kentucky,United StatesParis,NULL,New York,United StatesParis,NULL,Texas,United StatesPark City,NULL,Utah,United StatesPark Ridge,NULL,Illinois,United StatesPark Ridge,NULL,New Jersey,United StatesParker,NULL,Pennsylvania,United StatesParkersburg,NULL,West Virginia,United StatesParkville,NULL,Maryland,United StatesParma,NULL,NULL,ItalyParma,NULL,Emilia Romagna,ItalyPartinico,NULL,Sicily,ItalyPasadena,NULL,California,United StatesPasco,NULL,Washington,United StatesPasedena,NULL,California,United StatesPassaic,NULL,New Jersey,United StatesPassau,NULL,Bavaria,GermanyPaterson,NULL,New Jersey,United StatesPatterson,NULL,New Jersey,United StatesPatzcuaro,NULL,NULL,MexicoPawnee,NULL,Oklahoma,United StatesPawtucket,NULL,Rhode Island,United StatesPaxton,NULL,Massachusetts,United StatesPayette,NULL,Idaho,United StatesPeace Dale,NULL,Rhode Island,United StatesPeapack,NULL,New Jersey,United StatesPebble Beach,NULL,California,United StatesPeconic,NULL,New York,United StatesPecs,NULL,NULL,HungaryPeekskill,NULL,New York,United StatesPeking,NULL,NULL,ChinaPelham Manor,NULL,New York,United StatesPelican Rapids,NULL,Minnesota,United StatesPemberton,NULL,New Jersey,United StatesPen Argyl,NULL,Pennsylvania,United StatesPendleton,NULL,Oregon,United StatesPendleton,NULL,South Carolina,United StatesPenegoes,NULL,NULL,WalesPenfield,NULL,North Carolina,United StatesPeninsula,NULL,Ohio,United StatesPenland,NULL,North Carolina,United StatesPenn Valley,NULL,California,United StatesPenn Yan,NULL,New York,United StatesPenns Grove,NULL,New Jersey,United StatesPennsauken,NULL,New Jersey,United StatesPennsbury,NULL,Pennsylvania,United StatesPennsylvania,NULL,Pittsburgh,United StatesPennville,NULL,Georgia,United StatesPeoria,NULL,Illinois,United StatesPepeekeo,NULL,Hawaii,United StatesPerkasie,NULL,Pennsylvania,United StatesPerpignan,NULL,NULL,FrancePerrysburg,NULL,Ohio,United StatesPerth Amboy,NULL,New Jersey,United StatesPerugia,NULL,NULL,ItalyPerugia,NULL,Umbria,ItalyPestujhely,NULL,NULL,HungaryPetaluma,NULL,California,United StatesPeterborough,NULL,New Hampshire,United StatesPetersburg,NULL,Florida,United StatesPetersburg,NULL,Illinois,United StatesPetersburg,NULL,Virginia,United StatesPetion-Ville,NULL,NULL,HaitiPetrograd,NULL,NULL,RussiaPettau,NULL,Styria,Austria-HungaryPforzheim,NULL,NULL,GermanyPhiladellphia,NULL,Pennsylvania,United StatesPhiladelphia,NULL,Pennsylvania,NULLPhiladelphia,NULL,Pennsylvania,United StatesPhilipsburg,NULL,Pennsylvania,United StatesPhilipsburg,NULL,Quebec,CanadaPhillips,NULL,Maine,United StatesPhilmont,NULL,New York,United StatesPhippsburg,NULL,Maine,United StatesPhoebus,NULL,Virginia,United StatesPhoenix,NULL,Arizona,United StatesPiano de Cilento,NULL,NULL,ItalyPickens,NULL,South Carolina,United StatesPicton,NULL,Ontario,CanadaPiedmont,NULL,California,United StatesPiedras Negras,NULL,NULL,MexicoPiermont,NULL,New York,United StatesPietrarossa,NULL,NULL,ItalyPietrasanta,NULL,NULL,ItalyPieve di Cadore,NULL,NULL,ItalyPigeon Forge,NULL,Tennessee,United StatesPike Road,NULL,Alabama,United StatesPilsen,NULL,NULL,CzechoslovakiaPima,NULL,Arizona,United StatesPine Bluff,NULL,Arkansas,United StatesPine Hill,NULL,New York,United StatesPine Springs,Navajo Nation,Arizona,United StatesPinehurst,NULL,North Carolina,United StatesPinoso,NULL,NULL,SpainPinpoint,NULL,Georgia,United StatesPinsk,NULL,NULL,PolandPinsk,NULL,NULL,RussiaPipe Creek,NULL,Texas,United StatesPirmasens,NULL,NULL,GermanyPisa,NULL,NULL,ItalyPistoia,NULL,NULL,ItalyPitigliano,NULL,NULL,ItalyPittsboro,NULL,North Carolina,United StatesPittsburg,NULL,Kansas,United StatesPittsburgh,NULL,Pennsylvania,United StatesPittsfield,NULL,Illinois,United StatesPittsfield,NULL,Maine,United StatesPittsfield,NULL,Massachusetts,United StatesPittsford,NULL,New York,United StatesPizzo di Calabria,NULL,NULL,ItalyPlacerville,NULL,California,United StatesPlacitas,NULL,New Mexico,United StatesPlainfield,NULL,Connecticut,United StatesPlainfield,NULL,Indiana,United StatesPlainfield,NULL,Massachusetts,United StatesPlainfield,NULL,New Hampshire,United StatesPlainfield,NULL,New Jersey,United StatesPlainfield,NULL,Vermont,United StatesPlainview,NULL,New York,United StatesPlano,NULL,Illinois,United StatesPlano,NULL,Texas,United StatesPlato Center,NULL,Illinois,United StatesPlattsburgh,NULL,New York,United StatesPlattsmouth,NULL,Nebraska,United StatesPleasant Hill,NULL,California,United StatesPleasant Ridge,NULL,Illinois,United StatesPleasanton,NULL,California,United StatesPleasantville,NULL,New York,United StatesPloaree,NULL,Brittany,FrancePlumtrees,NULL,Massachusetts,United StatesPlymouth,NULL,NULL,EnglandPlymouth,NULL,California,United StatesPlymouth,NULL,Massachusetts,United StatesPlymouth,NULL,Wisconsin,United StatesPlymouth Meeting,NULL,Pennsylvania,United StatesPlympton,NULL,NULL,EnglandPoint Barrow,NULL,Alaska,United StatesPoint Pleasant,NULL,New Jersey,United StatesPoint Reyes,NULL,California,United StatesPoint Richmond,NULL,California,NULLPoint Richmond,NULL,California,United StatesPolacca,NULL,Arizona,United StatesPolacca,Hopi Reservation,Arizona,United StatesPomona,NULL,California,NULLPomona,NULL,California,United StatesPomona,NULL,Tennessee,United StatesPompano Beach,NULL,Florida,United StatesPompey,NULL,New York,United StatesPonce,NULL,NULL,FrancePonce,NULL,NULL,Puerto RicoPonta Pora,NULL,NULL,BrazilPonte,NULL,NULL,ItalyPontremoli,NULL,NULL,ItalyPontypool,NULL,NULL,EnglandPort Arthur,NULL,Texas,United StatesPort Byron,NULL,New York,United StatesPort Chester,NULL,New York,United StatesPort Clyde,NULL,Maine,United StatesPort Costa,NULL,California,United StatesPort Hope,NULL,Ontario,CanadaPort Hueneme,NULL,California,United StatesPort Huron,NULL,Michigan,NULLPort Huron,NULL,Michigan,United StatesPort Jefferson,NULL,New York,United StatesPort Louis,NULL,NULL,MauritiusPort Republic,NULL,Virginia,United StatesPort Richey,NULL,Florida,United StatesPort Townsend,NULL,Washington,United StatesPort Washington,NULL,New York,United StatesPort Washington,NULL,Wisconsin,United StatesPort-au-Prince,NULL,NULL,HaitiPortage,NULL,Ohio,United StatesPortland,NULL,Colorado,United StatesPortland,NULL,Maine,United StatesPortland,NULL,Oregon,NULLPortland,NULL,Oregon,United StatesPortland,NULL,Texas,United StatesPorto Castillo,NULL,NULL,HondurasPortsmith,NULL,Ohio,United StatesPortsmouth,NULL,New Hampshire,United StatesPortsmouth,NULL,Ohio,United StatesPortsmouth,NULL,Virginia,United StatesPossagno,NULL,NULL,ItalyPotosi,NULL,Missouri,United StatesPotsdam,NULL,New York,United StatesPotter Valley,NULL,California,United StatesPottstown,NULL,Pennsylvania,United StatesPottsville,NULL,Pennsylvania,United StatesPoughkeepsie,NULL,New York,United StatesPoughquag,NULL,New York,United StatesPoulsbo,NULL,Washington,United StatesPoultney,NULL,Vermont,United StatesPoznan,NULL,NULL,PolandPracchia,NULL,NULL,ItalyPrague,NULL,NULL,Czech RepublicPrague,NULL,NULL,CzechoslovakiaPrairie View,NULL,Illinois,United StatesPratt,NULL,Kansas,United StatesPrelouc,NULL,NULL,AustriaPrentice,NULL,Wisconsin,United StatesPrentiss,NULL,Mississippi,United StatesPrenzlau,NULL,NULL,GermanyPrescott,NULL,Arizona,United StatesPreston,NULL,Connecticut,United StatesPrice,NULL,Utah,United StatesPriego,NULL,NULL,SpainPrinceton,NULL,Massachusetts,United StatesPrinceton,NULL,New Jersey,United StatesPrincetown,NULL,New Jersey,United StatesPringle,NULL,Pennsylvania,United StatesProctor,NULL,Vermont,United StatesProddatur,NULL,Andhra Pradesh,IndiaProspect Hill,NULL,North Carolina,United StatesProut's Neck,NULL,Maine,United StatesProvidence,NULL,Rhode Island,NULLProvidence,NULL,Rhode Island,United StatesProvincetown,NULL,Massachusetts,United StatesProvincetown,NULL,Pennsylvania,United StatesProvo,NULL,Utah,United StatesPrucisca,NULL,Croatia,Austria-HungaryPueblo,NULL,Colorado,United StatesPulborough,West Sussex,NULL,EnglandPullman,NULL,Washington,United StatesPunxsutawney,NULL,Pennsylvania,United StatesPurcellville,NULL,Virginia,United StatesPutnam Valley,NULL,New York,United StatesPutney,NULL,Vermont,United StatesPuy,NULL,NULL,FrancePylypcze,NULL,NULL,UkraineQuakertown,NULL,Pennsylvania,United StatesQuebec,NULL,NULL,CanadaQuebec,NULL,Quebec,CanadaQuincey,NULL,NULL,FranceQuincy,NULL,California,United StatesQuincy,NULL,Florida,United StatesQuincy,NULL,Illinois,United StatesQuincy,NULL,Massachusetts,United StatesQuines,NULL,NULL,FranceQuito,NULL,NULL,EcuadorRabbit Hash,NULL,Kentucky,United StatesRacine,NULL,Wisconsin,United StatesRackeve,NULL,NULL,HungaryRadautz,NULL,NULL,Austria-HungaryRadda,NULL,Tuscany,ItalyRadford,NULL,Virginia,United StatesRajaburi,NULL,NULL,ThailandRaleigh,NULL,North Carolina,United StatesRamnicul-Sarat,NULL,NULL,RomaniaRamona,NULL,Oklahoma,United StatesRamsey,NULL,NULL,EnglandRancho Bernardo,NULL,California,United StatesRancho Cucamonga,NULL,California,United StatesRanchos de Taos,NULL,New Mexico,United StatesRanchuelo,NULL,NULL,CubaRand,NULL,West Virginia,United StatesRandolph,NULL,Massachusetts,United StatesRandolph,NULL,New Jersey,United StatesRantasalmi,NULL,NULL,FinlandRantoul,NULL,Illinois,United StatesRaton,NULL,New Mexico,United StatesRava-Russka,NULL,NULL,PolandRavenna,NULL,Ohio,United StatesRavenstruther,NULL,NULL,ScotlandRawa Mazowiecka,NULL,NULL,PolandRawlins,NULL,Wyoming,United StatesRaymond,NULL,Alabama,United StatesRaymond,NULL,California,United StatesReadfield,NULL,Maine,United StatesReading,NULL,NULL,EnglandReading,NULL,Pennsylvania,United StatesReagantown,Westmoreland County,Pennsylvania,United StatesRed Bank,NULL,New Jersey,United StatesRed Bluff,NULL,California,United StatesRedding,NULL,California,United StatesRedding,NULL,Connecticut,United StatesRedding Ridge,NULL,Connecticut,United StatesRedhill,NULL,NULL,EnglandRedlands,NULL,California,United StatesRedmond,NULL,Oregon,United StatesRedmond,NULL,Washington,United StatesRedondo Beach,NULL,California,United StatesRedway,NULL,California,United StatesRedwood Falls,NULL,Minnesota,United StatesReeds Ferry,NULL,New Hampshire,United StatesRegensburg,NULL,NULL,GermanyRego Park,NULL,New York,United StatesRehoboth,NULL,Massachusetts,United StatesRehovoth,NULL,NULL,IsraelReims,NULL,NULL,FranceRennes,NULL,NULL,FranceReno,NULL,Nevada,United StatesRensselaerville,NULL,New York,United StatesRenton,NULL,Washington,United StatesReston,NULL,Virginia,United StatesReudnitz,NULL,NULL,GermanyReus,NULL,Catalonia,SpainRevere,NULL,Massachusetts,United StatesReykjavik,NULL,NULL,IcelandRhinebeck,NULL,New York,United StatesRibeauville,NULL,NULL,FranceRichfield,NULL,Ohio,United StatesRichmond,NULL,NULL,EnglandRichmond,NULL,California,United StatesRichmond,NULL,Indiana,United StatesRichmond,NULL,Virginia,NULLRichmond,NULL,Virginia,United StatesRichmond Heights,NULL,Missouri,United StatesRichmond Park,NULL,NULL,JamaicaRidge Crest,NULL,California,United StatesRidgefield,NULL,Connecticut,United StatesRidgefield,NULL,New Jersey,United StatesRidgefield,NULL,Washington,United StatesRidgewood,NULL,New Jersey,United StatesRidley Park,NULL,Pennsylvania,United StatesRiesbach,NULL,NULL,SwitzerlandRifton,NULL,New York,United StatesRiga,NULL,NULL,LatviaRiga,NULL,NULL,RussiaRiga,Latvia,NULL,RussiaRindge,NULL,New Hampshire,United StatesRio de Janeiro,NULL,NULL,BrazilRiotinto,NULL,NULL,SpainRipon,NULL,Wisconsin,United StatesRive-de-Gier,Loire,NULL,FranceRiver Edge,NULL,New Jersey,United StatesRiver Falls,NULL,Wisconsin,United StatesRiver Forest,NULL,Illinois,United StatesRiverdale,NULL,Maryland,United StatesRiverdale,NULL,New York,United StatesRiverhead,NULL,New York,United StatesRiverside,NULL,California,United StatesRiverside,NULL,Illinois,United StatesRiverton,NULL,New Jersey,United StatesRixford,NULL,NULL,GermanyRoanoke,NULL,Virginia,United StatesRochester,NULL,Indiana,United StatesRochester,NULL,Minnesota,United StatesRochester,NULL,New York,United StatesRochester,NULL,Ohio,United StatesRock Hill,NULL,New York,United StatesRock Island,NULL,Illinois,United StatesRock Springs,NULL,Wyoming,United StatesRock Tavern,NULL,New York,United StatesRockdale,NULL,Texas,United StatesRockford,NULL,Illinois,United StatesRockford,NULL,Indiana,United StatesRockingham,NULL,Georgia,United StatesRockland,NULL,Maine,United StatesRockport,NULL,Maine,United StatesRockport,NULL,Massachusetts,United StatesRockville,NULL,Connecticut,United StatesRockville,NULL,Indiana,United StatesRockville,NULL,Maryland,United StatesRockville,NULL,Utah,United StatesRockville Centre,NULL,New York,United StatesRodenbach,NULL,Bavaria,GermanyRohnert Park,NULL,California,United StatesRohrersville,NULL,Maryland,United StatesRolling Fork,NULL,Mississippi,United StatesRome,NULL,NULL,ItalyRome,NULL,Georgia,United StatesRome,NULL,Lazio,ItalyRome,NULL,New York,United StatesRondout,NULL,New York,United StatesRoosevelt,NULL,New Jersey,United StatesRorschach,NULL,NULL,SwitzerlandRoselle,NULL,New Jersey,United StatesRoselle Park,NULL,New Jersey,United StatesRosemont,NULL,Pennsylvania,United StatesRosendale,NULL,New York,United StatesRosenhayn,NULL,New Jersey,United StatesRoslyn,NULL,New York,United StatesRoslyn Estates,NULL,New York,United StatesRoss,NULL,California,NULLRoss,NULL,California,United StatesRossville,NULL,New York,United StatesRostock,NULL,NULL,GermanyRoswell,NULL,Georgia,United StatesRoswell,NULL,New Mexico,United StatesRotterdam,NULL,NULL,NetherlandsRouen,NULL,NULL,FranceRouen,NULL,Seine-Maritime,FranceRough Rock,NULL,Arizona,United StatesRound Hill,NULL,Nova Scotia,CanadaRound Hill,NULL,Virginia,United StatesRound Pond,NULL,Maine,United StatesRouvres,NULL,NULL,FranceRowayton,NULL,Connecticut,United StatesRowland's Castle,NULL,NULL,EnglandRoxborough,NULL,Pennsylvania,United StatesRoxbury,NULL,Connecticut,United StatesRoxbury,NULL,Massachusetts,United StatesRoyal Oak,NULL,Michigan,United StatesRoyalton,NULL,Indiana,NULLRueil,NULL,NULL,FranceRuidoso,NULL,New Mexico,United StatesRush City,NULL,Minnesota,United StatesRushville,NULL,Illinois,United StatesRutherford,NULL,New Jersey,United StatesRutherford Park,NULL,New Jersey,United StatesRutland,NULL,Massachusetts,United StatesRye,NULL,New York,United StatesRye Brook,NULL,New York,United StatesRypin,NULL,NULL,PolandSache,NULL,NULL,FranceSacramento,NULL,California,United StatesSaddle Mountain,NULL,Oklahoma,United StatesSaddle River,NULL,New Jersey,United StatesSag Harbor,NULL,New York,United StatesSagaponack,NULL,New York,United StatesSagetown,NULL,Illinois,United StatesSaginaw,NULL,Michigan,United StatesSagua la Grande,NULL,NULL,CubaSaigon,NULL,NULL,VietnamSaint Augustine,NULL,Florida,United StatesSaint Catherine's,NULL,Ontario,CanadaSaint Helena,NULL,California,United StatesSaint Paul,NULL,Minnesota,United StatesSaint Petersburg,NULL,Florida,United StatesSaint-Christoly-de-Medoc,NULL,NULL,FranceSaint-Denis-du-Port,NULL,NULL,FranceSaint-Gilles-du-Gard,NULL,NULL,FranceSaint-Jean-de-Luz,NULL,NULL,FranceSaint-Paul-de-Vence,NULL,Alpes-Maritimes,FranceSaintes-Maries-de-la-Mer,NULL,NULL,FranceSalank,NULL,NULL,HungarySalem,NULL,Illinois,United StatesSalem,NULL,Massachusetts,United StatesSalem,NULL,New York,United StatesSalem,NULL,Ohio,United StatesSalem,NULL,Oregon,United StatesSalem,NULL,Virginia,United StatesSalem,Marion,Oregon,United StatesSalinas,NULL,California,United StatesSalinas,NULL,Kansas,United StatesSaline,NULL,Michigan,United StatesSalisbury,NULL,Connecticut,United StatesSalisbury,NULL,Maryland,United StatesSalisbury,NULL,New Hampshire,United StatesSalisbury,NULL,North Carolina,United StatesSalmon,NULL,Idaho,United StatesSalonika,NULL,NULL,GreeceSalt Lake City,NULL,Utah,United StatesSaltville,NULL,Virginia,United StatesSaluda,NULL,North Carolina,United StatesSaluda,NULL,Virginia,United StatesSalyersville,NULL,Kentucky,United StatesSalzburg,NULL,NULL,AustriaSamer,NULL,NULL,FranceSan Angelo,NULL,Texas,United StatesSan Angelo in Vado,NULL,NULL,ItalySan Antonio,NULL,Texas,United StatesSan Augustine,NULL,Texas,United StatesSan Bernardino,NULL,California,United StatesSan Cristobal,NULL,New Mexico,United StatesSan Diego,NULL,California,NULLSan Diego,NULL,California,United StatesSan Francisco,NULL,California,NULLSan Francisco,NULL,California,United StatesSan Fratello,NULL,NULL,ItalySan German,NULL,NULL,Puerto RicoSan Germ‡n,NULL,NULL,Puerto RicoSan Geronimo,NULL,California,United StatesSan Giorgio Albanese,NULL,NULL,ItalySan Giovanni,NULL,NULL,ItalySan Ildefonso Pueblo,NULL,New Mexico,United StatesSan Jose,NULL,California,United StatesSan Juan,NULL,NULL,Puerto RicoSan Leandro,NULL,California,United StatesSan Lorenzo,NULL,NULL,ItalySan Luis Obispo,NULL,California,United StatesSan Marino,NULL,California,United StatesSan Mateo,NULL,California,United StatesSan Miguel,NULL,NULL,MexicoSan Miguel de Allende,NULL,NULL,MexicoSan Pablo,NULL,California,United StatesSan Piero di Careggio,NULL,NULL,ItalySan Pietro di Cadore,NULL,NULL,ItalySan Rafael,NULL,California,United StatesSan Saba,NULL,Texas,United StatesSan Salvador,NULL,NULL,El SalvadorSanbornton,NULL,New Hampshire,United StatesSand Bank,NULL,New York,United StatesSandersville,NULL,Georgia,United StatesSandpoint,NULL,Idaho,United StatesSandusky,NULL,Ohio,United StatesSandwich,NULL,Illinois,United StatesSandwich,NULL,Ontario,CanadaSandy Hook,NULL,Connecticut,United StatesSandy Spring,NULL,Maryland,United StatesSanger,NULL,California,United StatesSannicandro Garganico,NULL,NULL,ItalySanok,NULL,NULL,Austria-HungarySansepolcro,NULL,NULL,ItalySanta Ana,NULL,California,United StatesSanta Barbara,NULL,California,United StatesSanta Catarina,NULL,NULL,MexicoSanta Clara,NULL,California,United StatesSanta Cruz,NULL,NULL,NULLSanta Cruz,NULL,California,NULLSanta Cruz,NULL,California,United StatesSanta Cruz,NULL,New Mexico,United StatesSanta Fe,NULL,New Mexico,NULLSanta Fe,NULL,New Mexico,United StatesSanta Fe,Nambe Pueblo,New Mexico,United StatesSanta Isabel,NULL,NULL,Puerto RicoSanta Maria,NULL,California,United StatesSanta Monica,NULL,California,NULLSanta Monica,NULL,California,United StatesSanta Paula,NULL,California,United StatesSanta Rosa,NULL,California,United StatesSante Fe,NULL,New Mexico,United StatesSantiago,NULL,NULL,ChileSantiago,NULL,NULL,Dominican RepublicSantiago de Chile,NULL,NULL,ChileSantiago de Compostela,NULL,NULL,SpainSantiago de los Caballeros,NULL,NULL,Dominican RepublicSantiniketan,NULL,NULL,IndiaSanto Domingo,NULL,NULL,Dominican RepublicSanto Domingo,Dominican Republic,NULL,NULLSanto Francisco,NULL,NULL,Dominican RepublicSanturce,NULL,NULL,Puerto RicoSao Paulo,NULL,NULL,BrazilSapulpa,NULL,Oklahoma,United StatesSaragossa,NULL,NULL,SpainSaranac Lake,NULL,New York,United StatesSarasota,NULL,Florida,United StatesSarasota Springs,NULL,New York,United StatesSaratoga,NULL,California,United StatesSaratoga,NULL,New York,United StatesSaratoga Springs,NULL,New York,NULLSaratoga Springs,NULL,New York,United StatesSarawak,NULL,NULL,East MalaysiaSaskatoon,NULL,Saskatchewan,CanadaSaugatuck,NULL,Michigan,United StatesSaugerties,NULL,New York,United StatesSausalito,NULL,California,United StatesSausalito,Marin County,California,United StatesSavannah,NULL,Georgia,United StatesSawyer,NULL,Michigan,United StatesSaxtons River,NULL,Vermont,United StatesSayre,NULL,Pennsylvania,United StatesScarborough,NULL,NULL,EnglandScarborough,NULL,New York,United StatesScaria,NULL,NULL,ItalyScarsdale,NULL,New York,United StatesSchaerbeek,NULL,NULL,BelgiumSchenectady,NULL,New York,United StatesScherpenberg,NULL,NULL,BelgiumSchloss Rosenau,NULL,NULL,GermanySchrobenhausen,NULL,NULL,GermanySchw_bisch GmŸnd,NULL,NULL,GermanyScituate,NULL,Massachusetts,United StatesScituate,NULL,Rhode Island,United StatesScotch Plains,NULL,New Jersey,United StatesScottsdale,NULL,Arizona,United StatesScottsville,NULL,Kentucky,United StatesScottsville,NULL,New York,United StatesScranton,NULL,Pennsylvania,United StatesSea Cliff,NULL,New York,United StatesSearchlight,NULL,Nevada,United StatesSearsmont,NULL,Maine,United StatesSeattle,NULL,New York,United StatesSeattle,NULL,Washington,United StatesSebring,NULL,Ohio,United StatesSedalia,NULL,Missouri,United StatesSedona,NULL,Arizona,United StatesSeekonk,NULL,Massachusetts,United StatesSellersville,NULL,Pennsylvania,United StatesSelyp,NULL,NULL,HungarySemarang,NULL,NULL,JavaSeneca,NULL,Kansas,United StatesSeneca Falls,NULL,New York,United StatesSens,NULL,Yonne,FranceSeoul,NULL,NULL,KoreaSeoul,NULL,NULL,South KoreaSerina,NULL,NULL,ItalySetauket,NULL,New York,United StatesSeven Hills,NULL,Ohio,United StatesSevierville,NULL,Tennessee,United StatesSeville,NULL,NULL,SpainSevres,NULL,NULL,FranceSewanee,NULL,Tennessee,United StatesSeymour,NULL,Iowa,United StatesShabelsk,NULL,NULL,RussiaShady,NULL,New York,United StatesShaftsbury,NULL,Vermont,United StatesShaker Heights,NULL,Ohio,United StatesShamokin,NULL,Pennsylvania,United StatesShamrock,NULL,Missouri,United StatesShandaken,NULL,New York,United StatesShanghai,NULL,NULL,ChinaSharon,NULL,Connecticut,United StatesSharon,NULL,Massachusetts,United StatesSharon,NULL,Pennsylvania,United StatesShavli,NULL,NULL,LithuaniaShawnee,NULL,Oklahoma,United StatesShawnee,NULL,Pennsylvania,United StatesShawno,NULL,Wisconsin,United StatesSheboygan Falls,NULL,Wisconsin,United StatesSheffield,NULL,NULL,EnglandShelburne Falls,NULL,Massachusetts,United StatesShelbyville,NULL,Illinois,United StatesShelbyville,NULL,Indiana,United StatesShelbyville,NULL,Tennessee,United StatesShelter Island,NULL,New York,United StatesShenandoah,NULL,Iowa,United StatesShenandoah,NULL,Pennsylvania,United StatesSheridan,NULL,Wyoming,United StatesSherman,NULL,Connecticut,United StatesSherman Oaks,NULL,California,United StatesShigaraki,NULL,NULL,JapanShikoko Island,NULL,NULL,JapanShilova,NULL,NULL,LithuaniaShinnecock,NULL,New York,United StatesShiprock,NULL,New Mexico,United StatesShirley,NULL,Maine,United StatesShizuoka,NULL,NULL,JapanShizuoka City,NULL,NULL,JapanShonto,NULL,Arizona,United StatesShonto/Cow Springs,Navajo Nation,Arizona,United StatesShoreline,NULL,Washington,United StatesShort Hills,NULL,New Jersey,United StatesShowhegan,NULL,Maine,United StatesShreveport,NULL,Louisiana,United StatesSidney,NULL,New York,United StatesSiegen,NULL,Westphalia,GermanySiegless,NULL,Burgenland,AustriaSiena,NULL,NULL,ItalySierra Madre,NULL,California,United StatesSilao,NULL,Guanajauto,MexicoSilver Creek,NULL,New York,United StatesSilver Creek,NULL,Pennsylvania,United StatesSilver Lake,NULL,New Hampshire,United StatesSilver Spring,NULL,Maryland,United StatesSilver Springs,NULL,California,United StatesSilverton,NULL,Colorado,United StatesSimferopol,NULL,NULL,RussiaSinait,NULL,NULL,PhilippinesSing Sing,NULL,New York,United StatesSioux City,NULL,Iowa,United StatesSioux Falls,NULL,South Dakota,United StatesSix Mile Run,NULL,Pennsylvania,United StatesSkipton,NULL,NULL,EnglandSkive,NULL,NULL,DenmarkSkokie,NULL,Illinois,United StatesSkowhegan,NULL,Maine,United StatesSkylight,NULL,Kentucky,United StatesSlingerlands,NULL,New York,United StatesSlonim,NULL,NULL,RussiaSmithsburg,Washington,Maryland,United StatesSmithtown,NULL,New York,United StatesSmolensk,NULL,NULL,RussiaSmorgon,NULL,NULL,RussiaSnovsk,NULL,Ukraine,U.S.S.R.Snowmass Village,NULL,Colorado,United StatesSoerabaija,NULL,NULL,JavaSoest,NULL,Westphalia,NULLSolana Beach,NULL,California,United StatesSolebury,NULL,Pennsylvania,United StatesSolingen,NULL,NULL,GermanySomers,NULL,New York,United StatesSomerset,NULL,Massachusetts,United StatesSomerset,NULL,Nova Scotia,CanadaSomersetshire,NULL,NULL,EnglandSomerstown,NULL,NULL,EnglandSomerville,NULL,Massachusetts,United StatesSomerville,NULL,New Jersey,United StatesSonneberg,NULL,NULL,GermanySonoma,NULL,California,NULLSonoma,NULL,California,United StatesSorio,NULL,NULL,ItalySouth Amherst,NULL,Massachusetts,United StatesSouth Bend,NULL,Indiana,United StatesSouth Braintree,NULL,Massachusetts,United StatesSouth Brunswick,NULL,New Jersey,United StatesSouth Dartmouth,NULL,Massachusetts,United StatesSouth Dennis,NULL,Massachusetts,United StatesSouth Granville,NULL,New York,United StatesSouth Hadley,NULL,Massachusetts,United StatesSouth Haven,NULL,Michigan,United StatesSouth Kent,NULL,Connecticut,United StatesSouth Manchester,NULL,Connecticut,United StatesSouth Milford,NULL,Massachusetts,United StatesSouth New Berlin,NULL,New York,United StatesSouth Norwalk,NULL,Connecticut,United StatesSouth Nyack,NULL,New York,United StatesSouth Orange,NULL,New Jersey,United StatesSouth Raub,NULL,Indiana,United StatesSouth Salem,NULL,New York,United StatesSouth San Francisco,NULL,California,United StatesSouth San Gabriel,NULL,California,United StatesSouth Shields,NULL,NULL,EnglandSouth Stoke,NULL,NULL,EnglandSouth Woodstock,NULL,Connecticut,United StatesSouthampton,NULL,NULL,EnglandSouthampton,NULL,Massachusetts,United StatesSouthampton,NULL,New York,NULLSouthampton,NULL,New York,United StatesSouthbridge,NULL,Massachusetts,United StatesSouthold,NULL,New York,United StatesSouthport,Fairfield,Connecticut,NULLSpalato,NULL,Dalmatia,YugoslaviaSparta,NULL,Michigan,United StatesSparta,NULL,New York,United StatesSpartanburg,NULL,South Carolina,United StatesSpeicher,NULL,NULL,SwitzerlandSplendora,NULL,Texas,United StatesSpokane,NULL,Washington,United StatesSpring Green,NULL,Wisconsin,United StatesSpring Hill,NULL,Connecticut,United StatesSpring Hill,NULL,Kansas,United StatesSpring Valley,NULL,New York,United StatesSpringdale,NULL,Arkansas,United StatesSpringfield,NULL,Illinois,United StatesSpringfield,NULL,Kentucky,United StatesSpringfield,NULL,Massachusetts,United StatesSpringfield,NULL,Missouri,United StatesSpringfield,NULL,Ohio,United StatesSpringfield,NULL,Pennsylvania,United StatesSpringfield,NULL,Vermont,United StatesSpringville,NULL,Iowa,United StatesSpringville,NULL,New York,United StatesSpringville,NULL,Tennessee,United StatesSpringville,NULL,Utah,United StatesSpruce Pine,NULL,North Carolina,United StatesSpuyten Duyvil,NULL,New York,United StatesSridharkhola,NULL,NULL,IndiaSt. Andrew's Parish,NULL,Maryland,United StatesSt. Andrews,NULL,New Brunswick,CanadaSt. Augustine,NULL,Florida,United StatesSt. Catharines,NULL,Ontario,CanadaSt. Charles,NULL,Illinois,United StatesSt. Charles,NULL,Missouri,United StatesSt. Clair,NULL,Michigan,United StatesSt. Cloud,NULL,Minnesota,United StatesSt. Croix Falls,NULL,Wisconsin,United StatesSt. Die,NULL,NULL,FranceSt. ƒtienne,NULL,NULL,FranceSt. Gallen,NULL,NULL,SwitzerlandSt. Helena Island,NULL,South Carolina,United StatesSt. Ignatius,Flathead Reservation,Montana,United StatesSt. Ives,NULL,Cornwall,EnglandSt. John,NULL,New Brunswick,CanadaSt. John,NULL,Virgin Islands,Danish West IndiesSt. John,NULL,Virgin Islands,United StatesSt. John's,NULL,Newfoundland,CanadaSt. Joseph,NULL,Michigan,United StatesSt. Joseph,NULL,Missouri,United StatesSt. Julien,NULL,NULL,FranceSt. Louis,NULL,Missouri,NULLSt. Louis,NULL,Missouri,United StatesSt. Martin,NULL,NULL,West IndiesSt. Paul,NULL,Minnesota,United StatesSt. Peter,NULL,Minnesota,United StatesSt. Petersburg,NULL,NULL,RussiaSt. Petersburg,NULL,Florida,United StatesSt. Prive,NULL,NULL,FranceSt. Servan,NULL,NULL,FranceSt. Thomas,NULL,NULL,Austria-HungarySt. Tropez,NULL,NULL,FranceStaindrop,NULL,NULL,EnglandStaines,NULL,NULL,EnglandStamford,NULL,Connecticut,United StatesStamford,NULL,New York,United StatesStamford,NULL,Texas,United StatesStamps,NULL,Alaska,United StatesStanford,NULL,California,United StatesStanford,NULL,Connecticut,United StatesStary Constantin,NULL,NULL,RussiaStashow,NULL,NULL,PolandState College,NULL,Pennsylvania,United StatesStaten Island,NULL,New York,United StatesStatesboro,NULL,Georgia,United StatesStatesville,NULL,North Carolina,United StatesSte. Genevieve,NULL,Missouri,United StatesSteelton,NULL,Pennsylvania,United StatesSterling,NULL,Colorado,United StatesSteubenville,NULL,Ohio,United StatesStevens,NULL,Pennsylvania,United StatesStillwater,NULL,Minnesota,United StatesStillwater,NULL,Oklahoma,United StatesStockbridge,NULL,NULL,ScotlandStockbridge,NULL,Massachusetts,United StatesStockdale,NULL,Texas,United StatesStockholm,NULL,NULL,SwedenStockton,NULL,California,United StatesStoke-on-Trent,NULL,NULL,EnglandStone Ridge,NULL,New York,United StatesStonington,NULL,Connecticut,United StatesStonington,NULL,Maine,United StatesStony Brook,NULL,New York,United StatesStony Point,NULL,New York,United StatesStowe,NULL,Vermont,United StatesStrasbourg,NULL,NULL,AlsaceStrasbourg,NULL,NULL,FranceStrassburg,NULL,NULL,West PrussiaStratford,NULL,Connecticut,United StatesStratford,NULL,Ontario,CanadaStrathaven,NULL,NULL,ScotlandStrawberry Point,NULL,Iowa,United StatesStreator,NULL,Illinois,United StatesStryker,NULL,Ohio,United StatesStuart,NULL,Florida,United StatesStuart,NULL,Virginia,United StatesSturgis,NULL,Michigan,United StatesStuttgart,NULL,NULL,GermanySudbury,NULL,NULL,EnglandSudbury,NULL,Massachusetts,United StatesSŸderen-Linden,NULL,NULL,SwitzerlandSudstadt,NULL,NULL,AustriaSuffern,NULL,New York,United StatesSuffield,NULL,Connecticut,United StatesSuffolk,NULL,NULL,EnglandSuffolk,NULL,Virginia,United StatesSugar Grove,NULL,North Carolina,United StatesSugarloaf,NULL,New York,NULLSulligent,NULL,Alabama,United StatesSulmona,NULL,NULL,ItalySulphur Lick Springs,NULL,Ohio,United StatesSummerfield,NULL,Illinois,United StatesSummerville,NULL,Georgia,United StatesSummit,NULL,New Jersey,United StatesSumter,NULL,South Carolina,United StatesSun City,NULL,Arizona,United StatesSun Prairie,NULL,Wisconsin,United StatesSun Valley,NULL,Idaho,United StatesSunbury,NULL,Pennsylvania,United StatesSunderland,NULL,NULL,EnglandSunderland,NULL,Massachusetts,United StatesSunnyvale,NULL,California,United StatesSuperior,NULL,Wisconsin,United StatesSurrey,NULL,NULL,EnglandSutton,NULL,NULL,EnglandSutton,NULL,Massachusetts,United StatesSwampscott,NULL,Massachusetts,United StatesSwamscott,NULL,Massachusetts,United StatesSwatow,NULL,NULL,ChinaSway,NULL,NULL,EnglandSweetwater,NULL,Arizona,United StatesSweetwater,NULL,New Mexico,United StatesSweetwater,Navajo Nation,Arizona,United StatesSwoyerville,NULL,Pennsylvania,United StatesSydney,NULL,NULL,AustraliaSydney,NULL,New South Wales,AustraliaSykesville,NULL,Maryland,United StatesSylva,NULL,North Carolina,United StatesSylvia,NULL,North Carolina,United StatesSyracuse,NULL,New York,United StatesSyracuse,Onondaga County,New York,United StatesSzatmar,NULL,NULL,HungaryTacoma,NULL,Washington,United StatesTahoka,NULL,Texas,United StatesTaipei,NULL,NULL,TaiwanTaiwan,NULL,NULL,NULLTakamatsu,NULL,NULL,JapanTakoma Park,NULL,Maryland,United StatesTalbotton,NULL,Georgia,United StatesTalking Rock,NULL,Georgia,United StatesTall Mountain,NULL,Arizona,United StatesTallahassee,NULL,Florida,United StatesTallapoosa,NULL,Georgia,United StatesTamaroa,NULL,Illinois,United StatesTampa,NULL,Florida,United StatesTampico,NULL,NULL,MexicoTamworth,NULL,NULL,EnglandTangier,NULL,NULL,MoroccoTaormina,NULL,NULL,ItalyTaos,NULL,New Mexico,United StatesTappan,NULL,New York,United StatesTarentum,NULL,Pennsylvania,United StatesTarrytown,NULL,New York,United StatesTarrytown Heights,NULL,New York,United StatesTashkent,NULL,NULL,UzbekistanTaylor,NULL,Texas,United StatesTaylors Falls,NULL,Minnesota,United StatesTaylorsville,NULL,North Carolina,United StatesTaylorville,NULL,Illinois,United StatesTayport,NULL,NULL,ScotlandTeaneck,NULL,New Jersey,United StatesTela,NULL,NULL,HondurasTelluride,NULL,Colorado,United StatesTempe,NULL,Arizona,United StatesTemple,NULL,Maine,United StatesTemple City,NULL,California,United StatesTempleton,NULL,California,United StatesTempleton,NULL,Massachusetts,United StatesTerni,NULL,Umbria,ItalyTerre Haute,NULL,Indiana,United StatesTerrell,NULL,Texas,United StatesTerry,NULL,Mississippi,United StatesTesuque,NULL,New Mexico,United StatesTesuque Pueblo,NULL,New Mexico,United StatesTeuton,NULL,New Jersey,United StatesTewksbury,NULL,Massachusetts,United StatesTexico,NULL,New Mexico,United StatesThalwil,NULL,NULL,SwitzerlandThe Hague,NULL,NULL,NetherlandsTheodore,NULL,Alabama,United StatesThessaloniki,Macedonia,NULL,GreeceThetford,NULL,Vermont,United StatesThibodaux,NULL,Louisiana,United StatesThomas,NULL,Oklahoma,United StatesThomaston,NULL,Maine,United StatesThomasville,NULL,Georgia,United StatesThompson,NULL,Pennsylvania,United StatesThorn,NULL,NULL,GermanyThorndike,NULL,Maine,United StatesThornton,NULL,New Hampshire,United StatesThornwood,NULL,New York,United StatesThree Rivers,NULL,California,United StatesTiburon,NULL,California,United StatesTientsin,NULL,NULL,ChinaTiffin,NULL,Ohio,United StatesTiflis,NULL,NULL,RussiaTijuana,NULL,NULL,MexicoTillamook,NULL,Oregon,United StatesTillsonburg,NULL,Ontario,CanadaTimberville,NULL,Virginia,United StatesTimonium,NULL,Maryland,United StatesTioga,NULL,Pennsylvania,United StatesTipton,NULL,Iowa,United StatesTisano,NULL,NULL,ItalyTisbury,NULL,Massachusetts,United StatesTitusville,NULL,Pennsylvania,United StatesTiverton,NULL,Rhode Island,United StatesTivoli,NULL,NULL,ItalyTivoli,NULL,New York,United StatesTodi,NULL,NULL,ItalyTodos Santos,NULL,Baja Sur California,MexicoTohatchi,NULL,New Mexico,United StatesTokyo,NULL,NULL,JapanToledo,NULL,Ohio,United StatesToledo,NULL,Oregon,United StatesTolland,NULL,Connecticut,United StatesTomales,NULL,California,United StatesTomashow,NULL,NULL,PolandTompkinsville,NULL,New York,United StatesToms River,NULL,New Jersey,United StatesTonasket,NULL,Washington,United StatesTopanga,NULL,California,NULLTopanga,NULL,California,United StatesTopeka,NULL,Kansas,United StatesTopsham,NULL,Maine,United StatesToronto,NULL,NULL,CanadaToronto,NULL,Ontario,CanadaTorquay,NULL,NULL,EnglandTorrance,NULL,California,United StatesTorrington,NULL,Connecticut,United StatesToulon,NULL,NULL,FranceToulouse,NULL,NULL,FranceToulouse,NULL,Haute-Garonne,FranceTournai,NULL,NULL,BelgiumTours,NULL,NULL,FranceTourtour,NULL,NULL,FranceTowanda,NULL,Pennsylvania,United StatesTowersey,NULL,NULL,EnglandTowson,NULL,Maryland,United StatesTracy,NULL,California,United StatesTranquility,NULL,New Jersey,United StatesTrapani,NULL,NULL,ItalyTrenton,NULL,New Jersey,United StatesTrenton,Gibson County,Tennessee,United StatesTrenton Falls,NULL,New York,United StatesTrepied,NULL,NULL,FranceTreptow,NULL,NULL,GermanyTreves,NULL,NULL,GermanyTreviso,NULL,NULL,ItalyTrhova Kamenice,NULL,NULL,Austria-HungaryTrieste,NULL,NULL,ItalyTrinidad,NULL,Colorado,United StatesTripi,NULL,NULL,GreeceTrondheim,NULL,NULL,NorwayTroy,NULL,Alabama,United StatesTroy,NULL,New York,United StatesTroy,NULL,Ohio,NULLTroyes,NULL,NULL,FranceTruchas,NULL,New Mexico,United StatesTrudeau,NULL,New York,United StatesTrumansburg,NULL,New York,United StatesTruro,NULL,Massachusetts,NULLTruro,NULL,Massachusetts,United StatesTryon,NULL,North Carolina,United StatesTryon,Polk,North Carolina,United StatesTuba City,NULL,Arizona,United StatesTuba City,Navajo Nation,Arizona,United StatesTubingen,NULL,NULL,GermanyTuckahoe,NULL,New York,United StatesTucson,NULL,Arizona,United StatesTucumcari,NULL,New Mexico,United StatesTufo,NULL,NULL,ItalyTulchin,NULL,NULL,RussiaTullahoma,NULL,Tennessee,United StatesTullstorp,NULL,NULL,SwedenTullytown,NULL,Pennsylvania,United StatesTulsa,NULL,Oklahoma,United StatesTunbridge Wells,NULL,NULL,EnglandTupelo,NULL,Mississippi,United StatesTurate,NULL,NULL,ItalyTuregano,NULL,NULL,SpainTurek,NULL,NULL,RussiaTurin,NULL,Piedmont,ItalyTurka,NULL,NULL,PolandTurlock,NULL,California,United StatesTurner,NULL,Maine,United StatesTurners,NULL,New York,United StatesTurnham Green,NULL,NULL,EnglandTurnhout,NULL,NULL,BelgiumTuscaloosa,NULL,Alabama,United StatesTuscon,NULL,Arizona,United StatesTuscumbia,NULL,Alabama,United StatesTuskegee,NULL,Alabama,United StatesTustin,NULL,California,United StatesTuttlingen,NULL,NULL,GermanyTuxedo Park,NULL,New York,United StatesTwo Rivers,NULL,Wisconsin,United StatesTyringham,NULL,Massachusetts,United StatesTyumen,NULL,NULL,RussiaUccle,NULL,NULL,BelgiumUchon,NULL,NULL,FranceUelzen,NULL,NULL,GermanyUhlerstown,NULL,Pennsylvania,United StatesUkiah,NULL,California,United StatesUlster Park,NULL,New York,United StatesUnadilla,NULL,New York,United StatesUnion,NULL,New Jersey,United StatesUnion Bridge,NULL,Maryland,United StatesUnion City,NULL,Indiana,United StatesUnion City,NULL,New Jersey,United StatesUnion City,NULL,Pennsylvania,United StatesUnion City,Madison County,Kentucky,United StatesUnion Hill,NULL,New Jersey,United StatesUnion Township,NULL,Pennsylvania,United StatesUniontown,NULL,Pennsylvania,United StatesUniopolis,NULL,Ohio,United StatesUnity,NULL,Pennsylvania,United StatesUpper Falls,NULL,Maryland,United StatesUpper Grandview,NULL,New York,United StatesUpper Montclair,NULL,New Jersey,United StatesUpper Moreland,NULL,Pennsylvania,United StatesUpperville,NULL,Virginia,United StatesUrbana,NULL,Illinois,United StatesUrbana,NULL,Maryland,United StatesUrbana,NULL,Ohio,United StatesUrbino,NULL,Marches,ItalyUtica,NULL,New York,United StatesUtrecht,NULL,NULL,NetherlandsUtrecht,NULL,NULL,The NetherlandsUtuado,NULL,NULL,Puerto RicoUzes,NULL,Gard,FranceValdese,Burke,North Carolina,United StatesValdosta,NULL,Georgia,United StatesVale,NULL,North Carolina,United StatesValencia,NULL,California,United StatesValenciennes,NULL,NULL,FranceValhalla,NULL,New York,United StatesValhalla,Westchester County,New York,United StatesValledolmo,NULL,Sicily,ItalyVallejo,NULL,California,United StatesValley Cottage,NULL,New York,United StatesValley Falls,NULL,Kansas,United StatesValley Forge,NULL,Pennsylvania,United StatesValley Head,NULL,Alabama,United StatesValley Home,NULL,California,United StatesValley Lee,NULL,Maryland,United StatesVallombrosa,NULL,NULL,ItalyValognes,NULL,NULL,FranceValozin,NULL,NULL,LithuaniaValparaiso,NULL,NULL,ChileValparaiso,NULL,Indiana,United StatesVancouver,NULL,British Columbia,CanadaVancouver,NULL,Washington,United StatesVaniskoc,NULL,NULL,HungaryVarangeville,NULL,NULL,FranceVarna,NULL,NULL,BulgariaVederslov,NULL,NULL,SwedenVega Baja,NULL,NULL,Puerto RicoVenaria Reale,NULL,NULL,ItalyVence,NULL,NULL,FranceVenice,NULL,NULL,ItalyVenice,NULL,California,NULLVenice,NULL,California,United StatesVenice,NULL,Florida,United StatesVentnor,NULL,NULL,EnglandVentnor,NULL,New Jersey,United StatesVentura,NULL,California,United StatesVerlarde,NULL,New Mexico,United StatesVerona,NULL,NULL,ItalyVerona,NULL,Veneto,ItalyVerona,NULL,Wisconsin,United StatesVersailles,NULL,NULL,FranceVersailles,NULL,Kentucky,United StatesVershire,NULL,Vermont,United StatesVesoul,NULL,NULL,FranceVetka,NULL,NULL,RussiaVevay,NULL,Indiana,United StatesVevey,NULL,NULL,SwitzerlandVici,NULL,Oklahoma,United StatesVico,NULL,NULL,ItalyVictor,NULL,Idaho,United StatesVidin,NULL,NULL,BulgariaVienna,NULL,NULL,AustriaVienna,NULL,NULL,Austria-HungaryVienna,NULL,Virginia,United StatesVienna,NULL,Wien State,AustriaVienne,NULL,NULL,FranceViipuri,NULL,NULL,FinlandVillahermosa,NULL,NULL,MexicoVillanova,NULL,Pennsylvania,United StatesVille-d'Avray,NULL,NULL,FranceVilleneuve-sur-Lot,NULL,NULL,FranceVillisca,NULL,Iowa,United StatesVilna,NULL,NULL,PolandVilna,NULL,NULL,RussiaVinalhaven,NULL,Maine,United StatesVincennes,NULL,Indiana,United StatesVineland,NULL,New Jersey,United StatesVineyard Haven,NULL,Massachusetts,United StatesVinings,NULL,Georgia,United StatesVinnitza,NULL,NULL,RussiaVinton,NULL,Iowa,United StatesVinton,NULL,Virginia,United StatesViola,Kickapoo Valley,Wisconsin,United StatesVirginia City,NULL,Montana,United StatesVirginia City,NULL,Nevada,United StatesVisalia,NULL,California,United StatesVitebsk,NULL,NULL,RussiaVittoria,NULL,NULL,ItalyVlachovo Brezi,NULL,NULL,BohemiaVladivostok,NULL,NULL,RussiaVolda,NULL,NULL,NorwayVoronez,NULL,NULL,RussiaVrchlabi,NULL,NULL,CzechoslovakiaVrpolje,NULL,NULL,Austria-HungaryWaban,NULL,Massachusetts,United StatesWaco,NULL,Texas,United StatesWagonmound,NULL,New Mexico,United StatesWahpeton,NULL,North Dakota,United StatesWaianae,NULL,Hawaii,United StatesWailuku,NULL,Hawaii,United StatesWaimanalo,NULL,Hawaii,United StatesWaimea,NULL,Hawaii,United StatesWainscott,NULL,New York,United StatesWakeeny,NULL,Kansas,United StatesWakefield,NULL,Massachusetts,United StatesWalden,NULL,New York,United StatesWalla Walla,NULL,Washington,United StatesWalland,NULL,Tennessee,United StatesWallingford,NULL,Connecticut,United StatesWallington,NULL,New Jersey,United StatesWalnut Creek,NULL,California,United StatesWalpole,NULL,New Hampshire,United StatesWalterboro,NULL,South Carolina,United StatesWaltham,NULL,Massachusetts,United StatesWalton-on-Thames,NULL,Surrey,EnglandWalworth,NULL,NULL,EnglandWapiti,NULL,Wyoming,United StatesWard,NULL,Massachusetts,United StatesWarren,NULL,Illinois,United StatesWarren,NULL,Indiana,United StatesWarren,NULL,Minnesota,United StatesWarren,NULL,New Jersey,United StatesWarren,NULL,Ohio,United StatesWarren,NULL,Pennsylvania,United StatesWarren,NULL,Vermont,United StatesWarrenton,NULL,Virginia,United StatesWarrenville,NULL,Illinois,United StatesWarsaw,NULL,NULL,PolandWarsaw,NULL,NULL,RussiaWarsaw,NULL,Missouri,United StatesWarsaw,NULL,New York,United StatesWarsaw,NULL,Virginia,United StatesWarwick,NULL,New York,United StatesWarwickshire,NULL,NULL,EnglandWasamasaw,NULL,South Carolina,United StatesWaseca,NULL,Minnesota,United StatesWashburn,NULL,Missouri,United StatesWashington,NULL,Connecticut,United StatesWashington,NULL,District of Columbia,NULLWashington,NULL,District of Columbia,United StatesWashington,NULL,North Carolina,United StatesWashington,NULL,Pennsylvania,United StatesWashington Boro,NULL,Pennsylvania,United States"Washington, DC",NULL,NULL,United StatesWashingtonville,NULL,New York,United StatesWatch Hill,NULL,Rhode Island,United StatesWater Mill,NULL,New York,United StatesWaterbury,NULL,Connecticut,United StatesWaterford,NULL,Connecticut,United StatesWaterford,NULL,Virginia,United StatesWaterloo,NULL,Iowa,United StatesWaterloo,NULL,New York,United StatesWaterloo,NULL,South Carolina,United StatesWatertown,NULL,Connecticut,United StatesWatertown,NULL,Massachusetts,United StatesWatertown,NULL,New York,United StatesWatertown,NULL,South Dakota,United StatesWatertown,NULL,Tennessee,United StatesWaterville,NULL,Maine,United StatesWaterville,NULL,Minnesota,United StatesWaterville,NULL,New York,United StatesWatsonville,NULL,California,United StatesWaukegan,NULL,Illinois,United StatesWaukesha,NULL,Wisconsin,United StatesWausau,NULL,Wisconsin,United StatesWauwatosa,NULL,Wisconsin,United StatesWauwausota,NULL,Wisconsin,United StatesWaverly,NULL,Massachusetts,United StatesWaverly,NULL,Virginia,United StatesWayland,NULL,New York,United StatesWayne,NULL,Michigan,United StatesWaynesboro,NULL,Pennsylvania,United StatesWaynesville,NULL,North Carolina,United StatesWeatherly,NULL,Pennsylvania,United StatesWeathersfield,NULL,Vermont,United StatesWeaverville,Buncombe County,North Carolina,United StatesWebberville,NULL,Michigan,United StatesWebster City,NULL,Iowa,United StatesWeehawken,NULL,New Jersey,United StatesWeimar,NULL,NULL,GermanyWeimar,NULL,Texas,United StatesWeimar,NULL,Thuringia,GermanyWeissenberg,NULL,NULL,GermanyWellesley,NULL,Massachusetts,United StatesWellfleet,NULL,Massachusetts,United StatesWellsboro,NULL,Pennsylvania,United StatesWellsville,NULL,Kansas,United StatesWenatchee,NULL,Washington,United StatesWendover,NULL,NULL,EnglandWesel,NULL,NULL,GermanyWest Amana,NULL,Iowa,United StatesWest Bend,NULL,Wisconsin,United StatesWest Berlin,NULL,NULL,GermanyWest Boothbay Harbor,NULL,Maine,United StatesWest Boyleston,NULL,Pennsylvania,United StatesWest Brattleboro,NULL,Vermont,United StatesWest Brookfield,NULL,Massachusetts,United StatesWest Burke,NULL,Vermont,United StatesWest Carlisle,NULL,Ohio,United StatesWest Chester,NULL,Pennsylvania,United StatesWest Cornwall,NULL,Connecticut,United StatesWest Fairlee,NULL,Vermont,United StatesWest Goldsboro,NULL,Maine,United StatesWest Groton,NULL,Massachusetts,United StatesWest Haven,NULL,Connecticut,United StatesWest Hingham,NULL,Massachusetts,United StatesWest Hoboken,NULL,New Jersey,NULLWest Hoboken,NULL,New Jersey,United StatesWest Hollywood,NULL,California,United StatesWest Islip,NULL,New York,United StatesWest Islip,Long Island,New York,United StatesWest Lafayette,NULL,Indiana,United StatesWest Liberty,NULL,Kentucky,United StatesWest Long Branch,NULL,New Jersey,United StatesWest Los Angeles,NULL,California,United StatesWest Medford,NULL,Massachusetts,United StatesWest Milton,NULL,Ohio,United StatesWest Nyack,NULL,New York,United StatesWest Orange,NULL,New Jersey,United StatesWest Palm Beach,NULL,Florida,United StatesWest Point,NULL,Georgia,United StatesWest Point,NULL,New York,United StatesWest Redding,NULL,Connecticut,United StatesWest Roxbury,NULL,Massachusetts,United StatesWest Salem,NULL,North Carolina,United StatesWest Seneca,NULL,New York,United StatesWest Suffield,NULL,Connecticut,United StatesWest Union,NULL,Iowa,United StatesWestbury,NULL,New York,United StatesWestchester,Chester County,Pennsylvania,United StatesWesterly,NULL,Rhode Island,United StatesWestfield,NULL,New Jersey,United StatesWestfield,NULL,North Carolina,United StatesWesthampton,NULL,New York,United StatesWestlake,NULL,Ohio,United StatesWestminster,NULL,Maryland,United StatesWestminster,NULL,Massachusetts,United StatesWestmoreland,NULL,New Hampshire,United StatesWeston,NULL,Connecticut,NULLWeston,NULL,Connecticut,United StatesWeston-super-Mare,NULL,NULL,EnglandWestport,NULL,California,United StatesWestport,NULL,Connecticut,United StatesWestport,NULL,Massachusetts,United StatesWestport,NULL,New York,United StatesWestwood,NULL,New Jersey,United StatesWethersfield,NULL,Connecticut,United StatesWetley Abbey,NULL,NULL,EnglandWetumpka,NULL,Alabama,United StatesWexford,NULL,NULL,IrelandWeyerhauser,NULL,Wisconsin,United StatesWheaton,NULL,Illinois,United StatesWheeling,NULL,West Virginia,United StatesWhitby,NULL,NULL,EnglandWhitby,NULL,Ontario,CanadaWhite Lake,NULL,Michigan,United StatesWhite Plains,NULL,New York,United StatesWhite River Junction,NULL,Vermont,United StatesWhitefish Bay,NULL,Michigan,United StatesWhitesburg,NULL,Kentucky,United StatesWhitewater,NULL,Wisconsin,United StatesWhitman,NULL,Massachusetts,United StatesWhitten,NULL,NULL,GermanyWichita,NULL,Kansas,United StatesWichita Falls,NULL,Texas,United StatesWide Ruins,NULL,Arizona,United StatesWidewater,NULL,Virginia,United StatesWieliczka,NULL,NULL,PolandWiener Neustadt,NULL,NULL,AustriaWiesbaden,NULL,NULL,GermanyWilbraham,NULL,Massachusetts,United StatesWilcox,NULL,Arizona,United StatesWilcox County,NULL,Georgia,United StatesWilkes-Barre,NULL,Pennsylvania,United StatesWilkesboro,NULL,North Carolina,United StatesWillamsburg,NULL,Massachusetts,United StatesWillard,NULL,New York,United StatesWilliamsburg,NULL,Indiana,United StatesWilliamsburg,NULL,Massachusetts,United StatesWilliamsburg,NULL,Virginia,United StatesWilliamsburgh,Clermont County,Ohio,United StatesWilliamson,NULL,Texas,United StatesWilliamsport,NULL,Pennsylvania,United StatesWilliamstown,NULL,Massachusetts,United StatesWilliamstown,NULL,Pennsylvania,United StatesWillimantic,NULL,Connecticut,United StatesWillmar,NULL,Minnesota,United StatesWilloughby,NULL,Ohio,United StatesWilmette,NULL,Illinois,United StatesWilmington,NULL,Delaware,United StatesWilmington,NULL,North Carolina,United StatesWilmington,NULL,Ohio,United StatesWilton,NULL,Connecticut,United StatesWilton,NULL,New Hampshire,United StatesWilton,NULL,New York,United StatesWilwaukee,NULL,Wisconsin,United StatesWimbledon,NULL,NULL,EnglandWinchester,NULL,NULL,EnglandWinchester,NULL,Kentucky,United StatesWinchester,NULL,Massachusetts,United StatesWindham,NULL,Connecticut,United StatesWindow Rock,NULL,Arizona,United StatesWindsor,NULL,NULL,EnglandWindsor,NULL,Connecticut,United StatesWindsor,NULL,Vermont,United StatesWinfield,NULL,Kansas,United StatesWinnepeg,NULL,Manitoba,CanadaWinnetka,NULL,Illinois,United StatesWinnipeg,NULL,Manitoba,CanadaWinnipeg,NULL,Ontario,CanadaWinona,NULL,Minnesota,United StatesWinsted,NULL,Connecticut,NULLWinsted,NULL,Connecticut,United StatesWinston-Salem,NULL,North Carolina,United StatesWinter Harbor,NULL,Maine,United StatesWinter Park,NULL,Florida,United StatesWinterhaven,NULL,Florida,United StatesWinthrop,NULL,Massachusetts,United StatesWiscasset,NULL,Maine,United StatesWisconsin Rapids,NULL,Wisconsin,United StatesWitchita Falls,NULL,Texas,United StatesWittenburgh,NULL,Saxony-Anhalt,GermanyWittmund,NULL,NULL,GermanyWoburn,NULL,Massachusetts,United StatesWoerden,NULL,NULL,NetherlandsW_hrd,NULL,NULL,GermanyWolfeboro,NULL,New Hampshire,United StatesWolfsburg,NULL,NULL,GermanyWolkenburg,NULL,NULL,GermanyWolkovisk,NULL,NULL,RussiaWolotschisk,NULL,NULL,RussiaWolowa,NULL,NULL,AustriaWoodacre,NULL,California,United StatesWoodbridge,NULL,NULL,EnglandWoodbridge,NULL,Connecticut,United StatesWoodbury,NULL,Connecticut,NULLWoodbury,NULL,Connecticut,United StatesWoodbury,NULL,New Jersey,United StatesWoodbury,NULL,Tennessee,United StatesWoodhaven,NULL,New York,United StatesWoodland,NULL,California,NULLWoodland,NULL,California,United StatesWoods Hole,NULL,Massachusetts,United StatesWoodstock,NULL,NULL,EnglandWoodstock,NULL,Connecticut,United StatesWoodstock,NULL,Illinois,United StatesWoodstock,NULL,New Hampshire,United StatesWoodstock,NULL,New York,United StatesWoodstock,NULL,Vermont,United StatesWoodstown,NULL,New Jersey,United StatesWoody Creek,NULL,Colorado,United StatesWoonsocket,NULL,Rhode Island,United StatesWooster,NULL,Ohio,United StatesWorcester,NULL,NULL,EnglandWorcester,NULL,Massachusetts,United StatesWorcester,NULL,Vermont,United StatesWordsley,NULL,NULL,EnglandWorthington,NULL,Massachusetts,United StatesWorthington,NULL,Ohio,United StatesWrexham,NULL,NULL,WalesWu Ching,NULL,NULL,ChinaWuppertal,NULL,NULL,GermanyWurzburg,NULL,NULL,GermanyWusih,NULL,NULL,ChinaWyandanch,NULL,New York,United StatesWyncote,NULL,Pennsylvania,United StatesWynnewood,NULL,Oklahoma,United StatesXenia,NULL,Ohio,United StatesYakima,NULL,Washington,NULLYakima,NULL,Washington,United StatesYanceyville,NULL,North Carolina,United StatesYankton,NULL,South Dakota,United StatesYardley,NULL,Pennsylvania,United StatesYarmouth,NULL,Maine,United StatesYarmouth,NULL,Massachusetts,United StatesYarmouth Port,NULL,Massachusetts,United StatesYasi,NULL,NULL,RomaniaYeddo,NULL,NULL,JapanYellow Springs,NULL,Ohio,United StatesYermo,NULL,California,United StatesYerres,NULL,NULL,FranceYiannina,NULL,NULL,GreeceYokohama,NULL,NULL,JapanYola,NULL,NULL,NigeriaYonkers,NULL,New York,United StatesYorba Linda,NULL,California,United StatesYork,NULL,NULL,EnglandYork,NULL,Pennsylvania,NULLYork,NULL,Pennsylvania,United StatesYork,NULL,South Carolina,United StatesYorkshire,NULL,NULL,EnglandYorktown,NULL,Virginia,United StatesYosemite,NULL,California,United StatesYoungstown,NULL,Ohio,United StatesYuba City,NULL,California,United StatesYuma,NULL,Arizona,United StatesYzeures-sur-Creuse,NULL,NULL,FranceZaandam,NULL,NULL,NetherlandsZagreb,NULL,NULL,SerbiaZagreb,NULL,Grad Zegreb,YugoslaviaZanesville,NULL,Ohio,United StatesZante,NULL,NULL,GreeceZawill,Ukraine,NULL,RussiaZell am Harmersbach,NULL,NULL,GermanyZena,NULL,New York,United StatesZephyrhills,NULL,Florida,United StatesZerkow,NULL,NULL,GermanyZia Pueblo,NULL,New Mexico,United StatesZitomir,NULL,NULL,RussiaZloczew,NULL,NULL,Austria-HungaryZonnemaire,NULL,NULL,NetherlandsZuni,NULL,New Mexico,United StatesZurich,NULL,NULL,SwitzerlandZŸrich,NULL,NULL,Switzerland